-- MySQL dump 10.13  Distrib 5.6.21, for osx10.9 (x86_64)
--
-- Host: granliga_dev    Database: development_v1
-- ------------------------------------------------------
-- Server version	5.5.41-0ubuntu0.12.04.1

/*!40101 SET @OLD_CHARACTER_SET_CLIENT=@@CHARACTER_SET_CLIENT */;
/*!40101 SET @OLD_CHARACTER_SET_RESULTS=@@CHARACTER_SET_RESULTS */;
/*!40101 SET @OLD_COLLATION_CONNECTION=@@COLLATION_CONNECTION */;
/*!40101 SET NAMES utf8 */;
/*!40103 SET @OLD_TIME_ZONE=@@TIME_ZONE */;
/*!40103 SET TIME_ZONE='+00:00' */;
/*!40014 SET @OLD_UNIQUE_CHECKS=@@UNIQUE_CHECKS, UNIQUE_CHECKS=0 */;
/*!40014 SET @OLD_FOREIGN_KEY_CHECKS=@@FOREIGN_KEY_CHECKS, FOREIGN_KEY_CHECKS=0 */;
/*!40101 SET @OLD_SQL_MODE=@@SQL_MODE, SQL_MODE='NO_AUTO_VALUE_ON_ZERO' */;
/*!40111 SET @OLD_SQL_NOTES=@@SQL_NOTES, SQL_NOTES=0 */;

--
-- Table structure for table `event_types`
--

DROP TABLE IF EXISTS `event_types`;
/*!40101 SET @saved_cs_client     = @@character_set_client */;
/*!40101 SET character_set_client = utf8 */;
CREATE TABLE `event_types` (
  `event_type_id` int(11) NOT NULL AUTO_INCREMENT,
  `name` varchar(100) DEFAULT NULL,
  `description` text,
  PRIMARY KEY (`event_type_id`)
) ENGINE=InnoDB AUTO_INCREMENT=12 DEFAULT CHARSET=latin1;
/*!40101 SET character_set_client = @saved_cs_client */;

--
-- Dumping data for table `event_types`
--

LOCK TABLES `event_types` WRITE;
/*!40000 ALTER TABLE `event_types` DISABLE KEYS */;
INSERT INTO `event_types` VALUES (1,'titular',NULL),(2,'captain',NULL),(3,'goalkeeper',NULL),(4,'player_in',NULL),(5,'player_out',NULL),(6,'goal',NULL),(7,'goal_against',NULL),(8,'yellow_card',NULL),(9,'green_card',NULL),(10,'blue_card',NULL),(11,'red_card',NULL);
/*!40000 ALTER TABLE `event_types` ENABLE KEYS */;
UNLOCK TABLES;

--
-- Table structure for table `events`
--

DROP TABLE IF EXISTS `events`;
/*!40101 SET @saved_cs_client     = @@character_set_client */;
/*!40101 SET character_set_client = utf8 */;
CREATE TABLE `events` (
  `event_id` int(11) NOT NULL AUTO_INCREMENT,
  `ref_event_id` int(11) DEFAULT NULL,
  `event_type` int(11) DEFAULT NULL,
  `is_initial_event` tinyint(1) DEFAULT NULL,
  `tournament_id` int(11) DEFAULT NULL,
  `match_id` int(11) DEFAULT NULL,
  `team_id` int(11) DEFAULT NULL,
  `profile_id` int(11) DEFAULT NULL,
  `user_id` int(11) DEFAULT NULL,
  `observer_id` int(11) DEFAULT NULL,
  `half_time` int(11) DEFAULT NULL,
  `time` int(11) DEFAULT NULL,
  `extra` text,
  `position` int(11) DEFAULT NULL,
  `match_date` datetime DEFAULT NULL,
  `status` char(1) DEFAULT NULL,
  `created_by` int(11) DEFAULT NULL,
  `created_at` datetime DEFAULT NULL,
  `updated_by` int(11) DEFAULT NULL,
  `updated_at` datetime DEFAULT NULL,
  PRIMARY KEY (`event_id`),
  KEY `match_id` (`match_id`),
  KEY `team_id` (`team_id`),
  KEY `profile_id` (`profile_id`),
  CONSTRAINT `events_ibfk_1` FOREIGN KEY (`match_id`) REFERENCES `matches` (`match_id`),
  CONSTRAINT `events_ibfk_2` FOREIGN KEY (`team_id`) REFERENCES `teams` (`team_id`),
  CONSTRAINT `events_ibfk_3` FOREIGN KEY (`profile_id`) REFERENCES `profiles` (`profile_id`)
) ENGINE=InnoDB AUTO_INCREMENT=45 DEFAULT CHARSET=latin1;
/*!40101 SET character_set_client = @saved_cs_client */;

--
-- Dumping data for table `events`
--

LOCK TABLES `events` WRITE;
/*!40000 ALTER TABLE `events` DISABLE KEYS */;
INSERT INTO `events` VALUES (1,NULL,1,1,1,1,3,15,12,4,1,0,NULL,7,'2015-04-07 00:00:00','c',NULL,'2015-04-13 16:42:51',4,'2015-04-13 16:49:54'),(2,NULL,1,1,1,1,3,16,13,4,1,0,NULL,6,'2015-04-07 00:00:00','c',NULL,'2015-04-13 16:42:51',4,'2015-04-13 16:49:54'),(3,NULL,1,1,1,1,3,17,14,4,1,0,NULL,8,'2015-04-07 00:00:00','c',NULL,'2015-04-13 16:42:51',4,'2015-04-13 16:49:54'),(4,NULL,1,1,1,1,3,18,15,4,1,0,NULL,1,'2015-04-07 00:00:00','c',NULL,'2015-04-13 16:42:51',4,'2015-04-13 16:49:54'),(5,NULL,2,1,1,1,3,17,14,4,1,0,NULL,NULL,'2015-04-07 00:00:00','c',NULL,'2015-04-13 16:42:51',4,'2015-04-13 16:49:54'),(6,NULL,3,1,1,1,3,18,15,4,1,0,NULL,NULL,'2015-04-07 00:00:00','c',NULL,'2015-04-13 16:42:51',4,'2015-04-13 16:49:54'),(7,NULL,1,1,1,1,1,5,2,4,1,0,NULL,31,'2015-04-07 00:00:00','c',NULL,'2015-04-13 16:43:12',4,'2015-04-13 16:49:54'),(8,NULL,1,1,1,1,1,6,3,4,1,0,NULL,2,'2015-04-07 00:00:00','c',NULL,'2015-04-13 16:43:12',4,'2015-04-13 16:49:54'),(9,NULL,1,1,1,1,1,7,4,4,1,0,NULL,1,'2015-04-07 00:00:00','c',NULL,'2015-04-13 16:43:12',4,'2015-04-13 16:49:54'),(10,NULL,1,1,1,1,1,8,5,4,1,0,NULL,8,'2015-04-07 00:00:00','c',NULL,'2015-04-13 16:43:12',4,'2015-04-13 16:49:54'),(11,NULL,2,1,1,1,1,5,2,4,1,0,NULL,NULL,'2015-04-07 00:00:00','c',NULL,'2015-04-13 16:43:12',4,'2015-04-13 16:49:54'),(12,NULL,3,1,1,1,1,7,4,4,1,0,NULL,NULL,'2015-04-07 00:00:00','c',NULL,'2015-04-13 16:43:12',4,'2015-04-13 16:49:54'),(13,NULL,6,NULL,1,1,3,15,12,NULL,2,1,NULL,NULL,'2015-04-07 00:00:00','i',4,'2015-04-13 16:47:40',4,'2015-04-13 16:49:54'),(16,NULL,6,NULL,1,1,1,8,5,NULL,1,25,NULL,NULL,'2015-04-07 00:00:00','i',4,'2015-04-13 16:48:13',4,'2015-04-13 16:49:54'),(17,NULL,8,NULL,1,1,3,16,13,NULL,1,18,NULL,NULL,'2015-04-07 00:00:00','i',4,'2015-04-13 16:48:21',4,'2015-04-13 16:49:54'),(22,NULL,6,NULL,1,1,1,5,2,NULL,2,24,NULL,NULL,'2015-04-07 00:00:00','i',4,'2015-04-13 16:49:22',4,'2015-04-13 16:49:54'),(23,24,5,NULL,1,1,1,5,2,NULL,2,33,NULL,NULL,'2015-04-07 00:00:00','i',4,'2015-04-13 16:49:35',4,'2015-04-13 16:49:54'),(24,23,4,NULL,1,1,1,9,6,NULL,2,33,NULL,NULL,'2015-04-07 00:00:00','i',4,'2015-04-13 16:49:35',4,'2015-04-13 16:49:54'),(25,NULL,6,NULL,1,1,1,9,6,NULL,2,44,NULL,NULL,'2015-04-07 00:00:00','i',4,'2015-04-13 16:49:50',4,'2015-04-13 16:49:54'),(26,NULL,1,1,1,2,2,10,7,4,1,0,NULL,1,'2015-04-07 00:00:00','c',NULL,'2015-04-13 16:50:26',4,'2015-04-13 16:51:45'),(27,NULL,1,1,1,2,2,11,8,4,1,0,NULL,2,'2015-04-07 00:00:00','c',NULL,'2015-04-13 16:50:26',4,'2015-04-13 16:51:45'),(28,NULL,1,1,1,2,2,12,9,4,1,0,NULL,3,'2015-04-07 00:00:00','c',NULL,'2015-04-13 16:50:26',4,'2015-04-13 16:51:45'),(29,NULL,1,1,1,2,2,13,10,4,1,0,NULL,12,'2015-04-07 00:00:00','c',NULL,'2015-04-13 16:50:26',4,'2015-04-13 16:51:45'),(30,NULL,2,1,1,2,2,10,7,4,1,0,NULL,NULL,'2015-04-07 00:00:00','c',NULL,'2015-04-13 16:50:26',4,'2015-04-13 16:51:45'),(31,NULL,3,1,1,2,2,13,10,4,1,0,NULL,NULL,'2015-04-07 00:00:00','c',NULL,'2015-04-13 16:50:26',4,'2015-04-13 16:51:45'),(32,NULL,1,1,1,2,4,20,17,4,1,0,NULL,8,'2015-04-07 00:00:00','c',NULL,'2015-04-13 16:50:44',4,'2015-04-13 16:51:45'),(33,NULL,1,1,1,2,4,21,18,4,1,0,NULL,9,'2015-04-07 00:00:00','c',NULL,'2015-04-13 16:50:44',4,'2015-04-13 16:51:45'),(34,NULL,1,1,1,2,4,22,19,4,1,0,NULL,10,'2015-04-07 00:00:00','c',NULL,'2015-04-13 16:50:44',4,'2015-04-13 16:51:45'),(35,NULL,1,1,1,2,4,23,20,4,1,0,NULL,1,'2015-04-07 00:00:00','c',NULL,'2015-04-13 16:50:44',4,'2015-04-13 16:51:45'),(36,NULL,2,1,1,2,4,21,18,4,1,0,NULL,NULL,'2015-04-07 00:00:00','c',NULL,'2015-04-13 16:50:44',4,'2015-04-13 16:51:45'),(37,NULL,3,1,1,2,4,22,19,4,1,0,NULL,NULL,'2015-04-07 00:00:00','c',NULL,'2015-04-13 16:50:44',4,'2015-04-13 16:51:45'),(38,NULL,6,NULL,1,2,2,10,7,NULL,1,6,NULL,NULL,'2015-04-07 00:00:00','i',4,'2015-04-13 16:50:52',4,'2015-04-13 16:51:45'),(39,NULL,6,NULL,1,2,4,22,19,NULL,1,20,NULL,NULL,'2015-04-07 00:00:00','i',4,'2015-04-13 16:50:57',4,'2015-04-13 16:51:45'),(40,NULL,8,NULL,1,2,2,11,8,NULL,1,34,NULL,NULL,'2015-04-07 00:00:00','i',4,'2015-04-13 16:51:04',4,'2015-04-13 16:51:45'),(41,42,5,NULL,1,2,2,10,7,NULL,2,1,NULL,NULL,'2015-04-07 00:00:00','i',4,'2015-04-13 16:51:13',4,'2015-04-13 16:51:45'),(42,41,4,NULL,1,2,2,14,11,NULL,2,1,NULL,NULL,'2015-04-07 00:00:00','i',4,'2015-04-13 16:51:13',4,'2015-04-13 16:51:45'),(43,NULL,6,NULL,1,2,2,14,11,NULL,2,9,NULL,NULL,'2015-04-07 00:00:00','i',4,'2015-04-13 16:51:26',4,'2015-04-13 16:51:45'),(44,NULL,11,NULL,1,2,4,23,20,NULL,2,11,NULL,NULL,'2015-04-07 00:00:00','i',4,'2015-04-13 16:51:44',4,'2015-04-13 16:51:45');
/*!40000 ALTER TABLE `events` ENABLE KEYS */;
UNLOCK TABLES;

--
-- Table structure for table `linkages`
--

DROP TABLE IF EXISTS `linkages`;
/*!40101 SET @saved_cs_client     = @@character_set_client */;
/*!40101 SET character_set_client = utf8 */;
CREATE TABLE `linkages` (
  `id` int(11) NOT NULL AUTO_INCREMENT,
  `link_hash` varchar(100) DEFAULT NULL,
  `link_reason` varchar(100) DEFAULT NULL,
  `petitioner_type` varchar(100) DEFAULT NULL,
  `petitioner_profile_id` int(11) DEFAULT NULL,
  `receiver_type` varchar(100) DEFAULT NULL,
  `receiver_profile_id` int(11) DEFAULT NULL,
  `link_object` varchar(100) DEFAULT NULL,
  `link_object_id` int(11) DEFAULT NULL,
  `link_target` varchar(100) DEFAULT NULL,
  `link_target_id` int(11) DEFAULT NULL,
  `is_link_accepted` tinyint(1) DEFAULT NULL,
  `link_status` varchar(100) DEFAULT NULL,
  `link_response` varchar(100) DEFAULT NULL,
  `link_extra_information` text,
  `link_responded_at` datetime DEFAULT NULL,
  `created_at` datetime DEFAULT NULL,
  `updated_at` datetime DEFAULT NULL,
  `expiration_date` datetime DEFAULT NULL,
  PRIMARY KEY (`id`)
) ENGINE=InnoDB AUTO_INCREMENT=25 DEFAULT CHARSET=latin1;
/*!40101 SET character_set_client = @saved_cs_client */;

--
-- Dumping data for table `linkages`
--

LOCK TABLES `linkages` WRITE;
/*!40000 ALTER TABLE `linkages` DISABLE KEYS */;
INSERT INTO `linkages` VALUES (1,'EWzDV8YHIK3NQhQCEMIWxEfBZ3ozS5yJIHrJ1gjfanPUVGu3HVlAfgo6rieU2tJbwD4HAf2lOks525zk+iFEdQ==','link_observer_to_match','organizer',1,'observer',4,'profile',4,'match',1,NULL,'pending',NULL,NULL,NULL,NULL,NULL,'2015-04-18 16:32:00'),(2,'X3ZH/iZVjjWIF0+Tvl54k/5zwwh+KmJpH8VM6WC1+HVEh5i6E6xteTKZ4CXbYs/XkiZv4+JMjCY/L8IHn/Dzxg==','link_observer_to_match','organizer',1,'observer',4,'profile',4,'match',2,NULL,'pending',NULL,NULL,NULL,NULL,NULL,'2015-04-18 16:32:07'),(3,'ncVuKKc9qy+tESXXylimBRbE4oToAtUFis2k1gnSeSHnsU3pCru9w1q2ccb66PbpE2XXG16EBXfpMOofSfayrw==','link_observer_to_match','organizer',1,'observer',4,'profile',4,'match',4,NULL,'pending',NULL,NULL,NULL,NULL,NULL,'2015-04-18 16:32:23'),(4,'SmLiBA8NhieEl2g235sg1ffGmv5sFB3DZlYr/zHWdWP3duA7pwm12CkuC1kwf8Eoc87GaeZGI2iKHOIch3VwZg==','link_observer_to_match','organizer',1,'observer',4,'profile',4,'match',3,NULL,'pending',NULL,NULL,NULL,NULL,NULL,'2015-04-18 16:32:29'),(5,'LAFHcorDga8OoPP7RabV9yJd0IBwgRfG/ZNMIDHPRZFoy/fo519yCx98mZy2wrNYawZ1cOc64Og6nOFpxwWPMw==','link_player_to_team','responsable',2,'player',5,'profile',5,'team',1,NULL,'pending',NULL,NULL,NULL,NULL,NULL,'2015-04-18 16:38:44'),(6,'8O7TPrv7yVL4LgpEF9orLnBtImL7hC5hu1wIfxJGd+ooObUrHWKKtulR7ocCX0IlQKzgTKZucUOb2l/EPVVX0Q==','link_player_to_team','responsable',2,'player',6,'profile',6,'team',1,NULL,'pending',NULL,NULL,NULL,NULL,NULL,'2015-04-18 16:38:51'),(7,'T+40Rod12wMZdkgu/9bfmjW0D/uOVNYU50nLSk0DuCi910X+8LdMU6rJi/RHdmIjOV3eC8CoVL+0en6pHRd8ZQ==','link_player_to_team','responsable',2,'player',7,'profile',7,'team',1,NULL,'pending',NULL,NULL,NULL,NULL,NULL,'2015-04-18 16:38:56'),(8,'xVzmiDd7jC5RkCutYDRvmQDwOVt6AoPqPk8ZU42/Ez7VCswHLmG6xHMv3pVtITNIqR5ZI9Rcl0ArAzWA8OYGpA==','link_player_to_team','responsable',2,'player',8,'profile',8,'team',1,NULL,'pending',NULL,NULL,NULL,NULL,NULL,'2015-04-18 16:39:08'),(9,'Fc7w3zhXR9JCSgkhVL1X3OdnfuHiiyjwbAQmxoAWxQAsjhthqbaPDCk+Wyvul0B6C6OCL2ISebbNZFrWXeF64A==','link_player_to_team','responsable',2,'player',9,'profile',9,'team',1,NULL,'pending',NULL,NULL,NULL,NULL,NULL,'2015-04-18 16:39:11'),(10,'4uXpX46FeCmNFZxxOuQ6QunQrWtkeDRM4U/lCJq7eUxYX1rLNqRT/K6sqAmzUXNu7/RNoBLoAxH4zEe4ieDyjw==','link_player_to_team','responsable',2,'player',10,'profile',10,'team',2,NULL,'pending',NULL,NULL,NULL,NULL,NULL,'2015-04-18 16:39:21'),(11,'SLor4m+gLVWKoBXcsmU9XBcyGFwyYNcgt6Ozg34VEBdvkkZQSrKLZF9B08A43Njvchyk+r2OMI4V3ur+Tp4p6g==','link_player_to_team','responsable',2,'player',11,'profile',11,'team',2,NULL,'pending',NULL,NULL,NULL,NULL,NULL,'2015-04-18 16:39:25'),(12,'SDzDoxT/r1QB+VGF6t2XQewUSpwRcju39IkPePmYCiUTlll96PEh30/w9boo4eaIsPUcI/ubtkNfcVDh3VMm1w==','link_player_to_team','responsable',2,'player',12,'profile',12,'team',2,NULL,'pending',NULL,NULL,NULL,NULL,NULL,'2015-04-18 16:39:32'),(13,'014OgnscF6xjm7Tk4nLnu5xOZ8dVPKyDgzjCdYfHIwDhO6qnGE2TjPNncLPZZyu1D4eKDDfklLiHmFNIPDjszA==','link_player_to_team','responsable',2,'player',13,'profile',13,'team',2,NULL,'pending',NULL,NULL,NULL,NULL,NULL,'2015-04-18 16:39:36'),(14,'SozK3Dhuxb9ZFJwjYM3Xk7DBDuySDX4pw8SonOd2AZam93kWYlQETFybb26WLgj+HIzvHtHhHqnau7a6QGGdpA==','link_player_to_team','responsable',2,'player',14,'profile',14,'team',2,NULL,'pending',NULL,NULL,NULL,NULL,NULL,'2015-04-18 16:39:40'),(15,'ngU7D9/UxL/PEu8FqK3qYGKNunqihoENYf1SS4e0/0tiUvscKyZntZ+jV8Fg+7M6S66qQvcT6P/88LFRnOCgSA==','link_player_to_team','responsable',2,'player',15,'profile',15,'team',3,NULL,'pending',NULL,NULL,NULL,NULL,NULL,'2015-04-18 16:39:54'),(16,'zOxL98ywT0mVwYEOOJxMx3n3PAji7K1Vg0t2kNViEZ1xNA64EWVHu8umdgWdv2k3CRTEKuJ39t0lbHkH5bDukA==','link_player_to_team','responsable',2,'player',16,'profile',16,'team',3,NULL,'pending',NULL,NULL,NULL,NULL,NULL,'2015-04-18 16:39:57'),(17,'TFo5cBhMEqUX62h2DpMuKu9alIBrU7XO5gS61NY8ZnIL5o1o8Y8euMtnhXL6040uKTfdi+5YuvwJi4SFo25k3w==','link_player_to_team','responsable',2,'player',17,'profile',17,'team',3,NULL,'pending',NULL,NULL,NULL,NULL,NULL,'2015-04-18 16:39:59'),(18,'XRGTaH3IRXlAoh8MRC1mLbMYxy2oJXvFo5y/NvanYFM5mJBxjpbIefeMuC3qWKUyH2lK5VOpGpIdr98iMIJ6Rg==','link_player_to_team','responsable',2,'player',18,'profile',18,'team',3,NULL,'pending',NULL,NULL,NULL,NULL,NULL,'2015-04-18 16:40:02'),(19,'1MQYQZELHHKY4kYa0CqKRwWQE8WArrUy+JAC3/fNi8VyALPpc0KqFFDBzqYHUgSwdJw3RLO9c+euqktJ9SKjwg==','link_player_to_team','responsable',2,'player',19,'profile',19,'team',3,NULL,'pending',NULL,NULL,NULL,NULL,NULL,'2015-04-18 16:40:08'),(20,'5uLdOA7oPTcUOknqt8SdmbrGs0SGp8UknRCsIAEbSHgSWJML3DwDL9JplJKUMhKRQip+R1Z4IZM+LQ3UFJ/anA==','link_player_to_team','responsable',2,'player',20,'profile',20,'team',4,NULL,'pending',NULL,NULL,NULL,NULL,NULL,'2015-04-18 16:40:14'),(21,'Us5qau10l7HKhf5GKRjPFhodv2shAN6t2jEIA7K9ZKWIT+PTEYDToAkghO6Oyh3cCglthOGgLue35Dj0CpMGYA==','link_player_to_team','responsable',2,'player',21,'profile',21,'team',4,NULL,'pending',NULL,NULL,NULL,NULL,NULL,'2015-04-18 16:40:19'),(22,'8ERKitYMcLDCW1CKK7SkH7siTDLlqIIgNICpaBD0dWUQYqJy0daC7wAUabttvOJsLj5YrPFCiiPt7t807NJuMQ==','link_player_to_team','responsable',2,'player',22,'profile',22,'team',4,NULL,'pending',NULL,NULL,NULL,NULL,NULL,'2015-04-18 16:40:23'),(23,'DqJBMq6GR5a91XkW4ptiaB7Opptuemg0fI3Zx+UugvRbmqcunyxJzLZtjjVb6VeY910rqlp/0x0SybnmFbQjCA==','link_player_to_team','responsable',2,'player',23,'profile',23,'team',4,NULL,'pending',NULL,NULL,NULL,NULL,NULL,'2015-04-18 16:40:29'),(24,'TAH4NzXcVs3W/pGHIuSUXZJa2hJHWDAbDIcdNH4P85LocT0JUAlLLLQjW3/czjzfwJU5RX49LGFYdaUwqyUd3w==','link_player_to_team','responsable',2,'player',24,'profile',24,'team',4,NULL,'pending',NULL,NULL,NULL,NULL,NULL,'2015-04-18 16:40:33');
/*!40000 ALTER TABLE `linkages` ENABLE KEYS */;
UNLOCK TABLES;

--
-- Table structure for table `match_team_player`
--

DROP TABLE IF EXISTS `match_team_player`;
/*!40101 SET @saved_cs_client     = @@character_set_client */;
/*!40101 SET character_set_client = utf8 */;
CREATE TABLE `match_team_player` (
  `match_id` int(11) NOT NULL AUTO_INCREMENT,
  `team_id` int(11) NOT NULL,
  `profile_id` int(11) NOT NULL,
  `tournament_id` int(11) DEFAULT NULL,
  `is_link_accepted` tinyint(1) DEFAULT NULL,
  `is_blocked` tinyint(1) DEFAULT NULL,
  `link_id` int(11) DEFAULT NULL,
  `blocked_reason` text,
  `created_at` datetime DEFAULT NULL,
  `created_by` int(11) DEFAULT NULL,
  `updated_at` datetime DEFAULT NULL,
  PRIMARY KEY (`match_id`,`team_id`,`profile_id`)
) ENGINE=InnoDB DEFAULT CHARSET=latin1;
/*!40101 SET character_set_client = @saved_cs_client */;

--
-- Dumping data for table `match_team_player`
--

LOCK TABLES `match_team_player` WRITE;
/*!40000 ALTER TABLE `match_team_player` DISABLE KEYS */;
/*!40000 ALTER TABLE `match_team_player` ENABLE KEYS */;
UNLOCK TABLES;

--
-- Table structure for table `matches`
--

DROP TABLE IF EXISTS `matches`;
/*!40101 SET @saved_cs_client     = @@character_set_client */;
/*!40101 SET character_set_client = utf8 */;
CREATE TABLE `matches` (
  `match_id` int(11) NOT NULL AUTO_INCREMENT,
  `tournament_id` int(11) DEFAULT NULL,
  `round` int(11) DEFAULT NULL,
  `match` int(11) DEFAULT NULL,
  `home_team_id` int(11) DEFAULT NULL,
  `away_team_id` int(11) DEFAULT NULL,
  `home_goals` int(11) DEFAULT NULL,
  `home_yellow_cards` int(11) DEFAULT NULL,
  `home_red_cards` int(11) DEFAULT NULL,
  `away_goals` int(11) DEFAULT NULL,
  `away_yellow_cards` int(11) DEFAULT NULL,
  `away_red_cards` int(11) DEFAULT NULL,
  `round_date` datetime DEFAULT NULL,
  `match_date` datetime DEFAULT NULL,
  `sportcenter_id` int(11) DEFAULT NULL,
  `sportcenter_field` int(11) DEFAULT NULL,
  `updated_at` datetime DEFAULT NULL,
  `updated_by` int(11) DEFAULT NULL,
  `created_at` datetime DEFAULT NULL,
  `created_by` int(11) DEFAULT NULL,
  `review_status` char(1) DEFAULT NULL,
  `observation_status` char(1) DEFAULT NULL,
  `status` char(1) DEFAULT NULL,
  `is_finished` tinyint(1) DEFAULT NULL,
  PRIMARY KEY (`match_id`)
) ENGINE=InnoDB AUTO_INCREMENT=13 DEFAULT CHARSET=latin1;
/*!40101 SET character_set_client = @saved_cs_client */;

--
-- Dumping data for table `matches`
--

LOCK TABLES `matches` WRITE;
/*!40000 ALTER TABLE `matches` DISABLE KEYS */;
INSERT INTO `matches` VALUES (1,1,0,0,3,1,0,0,0,0,0,0,'2015-04-07 00:00:00','2015-04-07 00:00:00',NULL,NULL,'2015-04-13 16:49:54',4,'2015-04-13 16:31:40',1,'p','c','p',NULL),(2,1,0,1,2,4,0,0,0,0,0,0,'2015-04-07 00:00:00','2015-04-07 00:00:00',NULL,NULL,'2015-04-13 16:51:45',4,'2015-04-13 16:31:40',1,'p','c','p',NULL),(3,1,1,0,4,3,0,0,0,0,0,0,'2015-04-21 00:00:00','2015-04-14 00:00:00',NULL,NULL,'2015-04-13 16:31:40',1,'2015-04-13 16:31:40',1,'p','p','p',NULL),(4,1,1,1,2,1,0,0,0,0,0,0,'2015-04-21 00:00:00','2015-04-14 00:00:00',NULL,NULL,'2015-04-13 16:31:40',1,'2015-04-13 16:31:40',1,'p','p','p',NULL),(5,1,2,0,3,2,0,0,0,0,0,0,'2015-04-28 00:00:00','2015-04-21 00:00:00',NULL,NULL,'2015-04-13 16:31:40',1,'2015-04-13 16:31:40',1,'p','p','p',NULL),(6,1,2,1,4,1,0,0,0,0,0,0,'2015-04-28 00:00:00','2015-04-21 00:00:00',NULL,NULL,'2015-04-13 16:31:40',1,'2015-04-13 16:31:40',1,'p','p','p',NULL),(7,1,3,0,1,3,0,0,0,0,0,0,'2015-05-05 00:00:00','2015-04-28 00:00:00',NULL,NULL,'2015-04-13 16:31:40',1,'2015-04-13 16:31:40',1,'p','p','p',NULL),(8,1,3,1,4,2,0,0,0,0,0,0,'2015-05-05 00:00:00','2015-04-28 00:00:00',NULL,NULL,'2015-04-13 16:31:40',1,'2015-04-13 16:31:40',1,'p','p','p',NULL),(9,1,4,0,3,4,0,0,0,0,0,0,'2015-05-12 00:00:00','2015-05-05 00:00:00',NULL,NULL,'2015-04-13 16:31:40',1,'2015-04-13 16:31:40',1,'p','p','p',NULL),(10,1,4,1,1,2,0,0,0,0,0,0,'2015-05-12 00:00:00','2015-05-05 00:00:00',NULL,NULL,'2015-04-13 16:31:40',1,'2015-04-13 16:31:40',1,'p','p','p',NULL),(11,1,5,0,2,3,0,0,0,0,0,0,'2015-05-19 00:00:00','2015-05-12 00:00:00',NULL,NULL,'2015-04-13 16:31:40',1,'2015-04-13 16:31:40',1,'p','p','p',NULL),(12,1,5,1,1,4,0,0,0,0,0,0,'2015-05-19 00:00:00','2015-05-12 00:00:00',NULL,NULL,'2015-04-13 16:31:40',1,'2015-04-13 16:31:40',1,'p','p','p',NULL);
/*!40000 ALTER TABLE `matches` ENABLE KEYS */;
UNLOCK TABLES;

--
-- Table structure for table `matches_observers`
--

DROP TABLE IF EXISTS `matches_observers`;
/*!40101 SET @saved_cs_client     = @@character_set_client */;
/*!40101 SET character_set_client = utf8 */;
CREATE TABLE `matches_observers` (
  `match_id` int(11) NOT NULL,
  `profile_id` int(11) NOT NULL,
  `is_link_accepted` tinyint(1) DEFAULT NULL,
  `link_id` int(11) DEFAULT NULL,
  `created_at` datetime DEFAULT NULL,
  `created_by` int(11) DEFAULT NULL,
  PRIMARY KEY (`match_id`,`profile_id`),
  KEY `profile_id` (`profile_id`),
  CONSTRAINT `matches_observers_ibfk_1` FOREIGN KEY (`match_id`) REFERENCES `matches` (`match_id`),
  CONSTRAINT `matches_observers_ibfk_2` FOREIGN KEY (`profile_id`) REFERENCES `profiles` (`profile_id`)
) ENGINE=InnoDB DEFAULT CHARSET=latin1;
/*!40101 SET character_set_client = @saved_cs_client */;

--
-- Dumping data for table `matches_observers`
--

LOCK TABLES `matches_observers` WRITE;
/*!40000 ALTER TABLE `matches_observers` DISABLE KEYS */;
INSERT INTO `matches_observers` VALUES (1,4,1,NULL,'2015-04-13 16:32:00',1),(2,4,1,NULL,'2015-04-13 16:32:07',1),(3,4,1,NULL,'2015-04-13 16:32:29',1),(4,4,1,NULL,'2015-04-13 16:32:23',1);
/*!40000 ALTER TABLE `matches_observers` ENABLE KEYS */;
UNLOCK TABLES;

--
-- Table structure for table `matches_referees`
--

DROP TABLE IF EXISTS `matches_referees`;
/*!40101 SET @saved_cs_client     = @@character_set_client */;
/*!40101 SET character_set_client = utf8 */;
CREATE TABLE `matches_referees` (
  `match_id` int(11) NOT NULL,
  `profile_id` int(11) NOT NULL,
  `is_link_accepted` tinyint(1) DEFAULT NULL,
  `link_id` int(11) DEFAULT NULL,
  `created_at` datetime DEFAULT NULL,
  `created_by` int(11) DEFAULT NULL,
  PRIMARY KEY (`match_id`,`profile_id`),
  KEY `profile_id` (`profile_id`),
  CONSTRAINT `matches_referees_ibfk_1` FOREIGN KEY (`match_id`) REFERENCES `matches` (`match_id`),
  CONSTRAINT `matches_referees_ibfk_2` FOREIGN KEY (`profile_id`) REFERENCES `profiles` (`profile_id`)
) ENGINE=InnoDB DEFAULT CHARSET=latin1;
/*!40101 SET character_set_client = @saved_cs_client */;

--
-- Dumping data for table `matches_referees`
--

LOCK TABLES `matches_referees` WRITE;
/*!40000 ALTER TABLE `matches_referees` DISABLE KEYS */;
/*!40000 ALTER TABLE `matches_referees` ENABLE KEYS */;
UNLOCK TABLES;

--
-- Table structure for table `message_metadata`
--

DROP TABLE IF EXISTS `message_metadata`;
/*!40101 SET @saved_cs_client     = @@character_set_client */;
/*!40101 SET character_set_client = utf8 */;
CREATE TABLE `message_metadata` (
  `message_id` int(11) NOT NULL AUTO_INCREMENT,
  `profile_id` int(11) DEFAULT NULL,
  `sender` varchar(200) DEFAULT NULL,
  `receiver` varchar(200) DEFAULT NULL,
  `subject` varchar(500) DEFAULT NULL,
  `body` text,
  `created_at` datetime DEFAULT NULL,
  `status` char(1) DEFAULT NULL,
  PRIMARY KEY (`message_id`)
) ENGINE=InnoDB AUTO_INCREMENT=29 DEFAULT CHARSET=utf8;
/*!40101 SET character_set_client = @saved_cs_client */;

--
-- Dumping data for table `message_metadata`
--

LOCK TABLES `message_metadata` WRITE;
/*!40000 ALTER TABLE `message_metadata` DISABLE KEYS */;
INSERT INTO `message_metadata` VALUES (1,4,'[\"1\", \"nicolas.reynoso@gmail.com\", \"Nicol\\u00e1s Alejo Reynoso\"]','[[\"4\", \"nicolas.reynoso@gmail.com\", \"Nicol\\u00e1s Alejo Reynoso\"]]','Observar el partido San Lorenzo vs River Plate','<!DOCTYPE HTML PUBLIC \"-//W3C//DTD HTML 4.01 Transitional//EN\"><html><head><META http-equiv=\"Content-Type\" content=\"text/html; charset=utf-8\"></head><body>\n\n    \n    \n    \n    \n  \n\n\n\n  <div style=\"margin:0;padding:0;min-width:100%;background-color:#fbfbfb\">\n    <center style=\"display:table;table-layout:fixed;width:100%;min-width:620px;background-color:#fbfbfb\">\n    	<table style=\"border-collapse:collapse;border-spacing:0;width:650px;min-width:650px\"><tbody><tr><td style=\"padding:0;vertical-align:top;font-size:1px;line-height:1px\"> </td></tr></tbody></table>\n      <table style=\"border-collapse:collapse;border-spacing:0;Margin-left:auto;Margin-right:auto\">\n        <tbody><tr>\n          <td style=\"padding:0;vertical-align:top\">\n            <table style=\"border-collapse:collapse;border-spacing:0;width:602px\">\n              <tbody><tr>\n                \n                <td style=\"padding:0;vertical-align:top;padding-top:10px;padding-bottom:12px;font-size:12px;line-height:21px;text-align:right;width:300px;color:#999;font-family:Georgia,serif\">\n                  No ves las Imágenes? <a style=\"text-decoration:none;color:#999;font-weight:bold\" href=\"#\" target=\"_blank\">Hacé click aquí</a>\n                </td>\n              </tr>\n            </tbody></table>\n          </td>\n        </tr>\n      </tbody></table>\n      <table style=\"border-collapse:collapse;border-spacing:0;Margin-left:auto;Margin-right:auto;width:602px\">\n        <tbody><tr><td style=\"padding:0;vertical-align:top;font-size:1px;line-height:1px;background-color:#e9e9e9;width:1px\"> </td></tr>\n        <tr><td style=\"padding:32px 0;vertical-align:top\"><div style=\"font-size:26px;font-weight:700;letter-spacing:-0.02em;line-height:32px;color:#41637e;font-family:sans-serif\" align=\"left\"><img style=\"border:0;display:block;max-width:325px\" src=\"http://granliga.com/static/img/logos/3.png\" alt=\"\" width=\"217\" height=\"92\"></div></td></tr>\n      </tbody></table>\n      \n          <table style=\"border-collapse:collapse;border-spacing:0;font-size:1px;line-height:1px;background-color:#e9e9e9;Margin-left:auto;Margin-right:auto\" width=\"602\">\n            <tbody><tr><td style=\"padding:0;vertical-align:top\">​</td></tr>\n          </tbody></table>\n        \n          <table style=\"border-collapse:collapse;border-spacing:0;Margin-left:auto;Margin-right:auto\">\n            <tbody><tr>\n              <td style=\"padding:0;vertical-align:top;font-size:1px;line-height:1px;background-color:#e9e9e9;width:1px\">​</td>\n              <td style=\"padding:0;vertical-align:top\">\n                <table style=\"border-collapse:collapse;border-spacing:0;Margin-left:auto;Margin-right:auto;width:600px;background-color:#ffffff;font-size:14px\">\n                  <tbody><tr>\n                    <td style=\"padding:0;vertical-align:top;text-align:left\">\n                      \n              <div style=\"font-size:12px;Margin-bottom:24px;color:#565656;font-family:Georgia,serif\" align=\"center\">\n                <img style=\"border:0;display:block;max-width:128px\" src=\"http://i1.createsend1.com/ei/t/60/9F3/20E/004835/csfinal/1422560508_soccer_5.png\" alt=\"\" width=\"128\" height=\"128\">\n              </div>\n            \n                        <table style=\"border-collapse:collapse;border-spacing:0;width:100%\">\n                          <tbody><tr>\n                            <td style=\"padding:0;vertical-align:top;padding-left:32px;padding-right:32px\">\n                              \n            <h1 style=\"Margin-top:0;color:#565656;font-weight:700;font-size:36px;Margin-bottom:18px;font-family:sans-serif;line-height:42px\">Nicolás Alejo Reynoso,</h1><p style=\"Margin-top:0;color:#565656;font-family:Georgia,serif;font-size:16px;line-height:25px;Margin-bottom:25px\">Nicolás Alejo Reynoso, organizador del torneo &quot;<strong style=\"font-weight:bold\">El torneo de tu vida</strong>&quot;<strong style=\"font-weight:bold\">, </strong>te asigno para observar el partido <strong style=\"font-weight:bold\">San Lorenzo vs River Plate</strong> .\n            <p style=\"Margin-top:0;color:#565656;font-family:Georgia,serif;font-size:16px;line-height:25px;Margin-bottom:25px\">Si aceptas observar el partido haz click en <a style=\"text-decoration:underline;color:#41637e\" href=\"http://127.0.0.1:5001/link/RVd6RFY4WUhJSzNOUWhRQ0VNSVd4RWZCWjNvelM1eUpJSHJKMWdqZmFuUFVWR3UzSFZsQWZnbzZyaWVVMnRKYndENEhBZjJsT2tzNTI1emsraUZFZFE9PQ==/accept\" target=\"_blank\">acepto observar el partido</a>.</p><p style=\"Margin-top:0;color:#565656;font-family:Georgia,serif;font-size:16px;line-height:25px;Margin-bottom:25px\">Por otro lado, si no deseas o no puedes observar el partido, por favor haz click en <a style=\"text-decoration:underline;color:#41637e\" href=\"http://127.0.0.1:5001/link/RVd6RFY4WUhJSzNOUWhRQ0VNSVd4RWZCWjNvelM1eUpJSHJKMWdqZmFuUFVWR3UzSFZsQWZnbzZyaWVVMnRKYndENEhBZjJsT2tzNTI1emsraUZFZFE9PQ==/reject\" target=\"_blank\">NO acepto observar el partido </a>.</p>\n            <p style=\"Margin-top:0;color:#565656;font-family:Georgia,serif;font-size:16px;line-height:25px;Margin-bottom:25px\">Pasadas 48hs de recibido este aviso la solicitud quedará sin efecto.</p><p style=\"Margin-top:0;color:#565656;font-family:Georgia,serif;font-size:16px;line-height:25px;Margin-bottom:25px\"> </p>\n          \n                            </td>\n                          </tr>\n                        </tbody></table>\n                      \n                        <table style=\"border-collapse:collapse;border-spacing:0;width:100%\">\n                          <tbody><tr>\n                            <td style=\"padding:0;vertical-align:top;padding-left:32px;padding-right:32px\">\n                              \n            <table style=\"border-collapse:collapse;border-spacing:0;width:100%\"><tbody><tr><td style=\"padding:0;vertical-align:top;padding-bottom:24px\" align=\"center\">\n              <table style=\"border-collapse:collapse;border-spacing:0;background-color:#e9e9e9;font-size:2px;line-height:2px;width:60px\">\n              <table style=\"border-collapse:collapse;border-spacing:0;width:100%\">\n                                        <tbody><tr>\n                                          <td style=\"padding:0;vertical-align:top;padding-left:32px;padding-right:32px\">\n                                            \n                          <table style=\"border-collapse:collapse;border-spacing:0;width:100%\"><tbody><tr><td align=\"center\" style=\"padding:0;vertical-align:top;padding-bottom:0px\">\n                            <table style=\"border-collapse:collapse;border-spacing:0;background-color:#e9e9e9;font-size:2px;line-height:2px;width:60px\">\n                              <tbody><tr><td style=\"padding:0;vertical-align:top\">&nbsp;</td></tr>\n                            </tbody></table>\n                          </td></tr></tbody></table>\n                        \n                                          </td>\n                                        </tr>\n                                      </tbody></table>\n                <tbody><tr><td style=\"padding:0;vertical-align:top\"> </td></tr>\n              </tbody></table>\n            </td></tr></tbody></table>\n          \n                            </td>\n                          </tr>\n                        </tbody></table>\n                      \n                        <table style=\"border-collapse:collapse;border-spacing:0;width:100%\">\n                          <tbody><tr>\n                            <td style=\"padding:0;vertical-align:top;padding-left:32px;padding-right:32px\">\n                              \n            <p style=\"Margin-top:0;color:#565656;font-family:Georgia,serif;font-size:16px;line-height:25px;Margin-bottom:25px\"><a href=\"http://granliga.com\" target=\"_blank\">granliga.com</a> (R) es un gestor integral de torneos de fútbol.<br>\nTe invitamos a <a style=\"text-decoration:underline;color:#41637e\" href=\"http://www.granliga.com\" target=\"_blank\">www.granliga.com</a>  para que conozcas más</p><p style=\"Margin-top:0;color:#565656;font-family:Georgia,serif;font-size:16px;line-height:25px;Margin-bottom:24px\"> </p>\n          \n                            </td>\n                          </tr>\n                        </tbody></table>\n                      \n                      <div style=\"font-size:8px;line-height:8px\"> </div>\n                    </td>\n                  </tr>\n                </tbody></table>\n              </td>\n              <td style=\"padding:0;vertical-align:top;font-size:1px;line-height:1px;background-color:#e9e9e9;width:1px\">​</td>\n            </tr>\n          </tbody></table>\n        \n          <table style=\"border-collapse:collapse;border-spacing:0;font-size:1px;line-height:1px;background-color:#e9e9e9;Margin-left:auto;Margin-right:auto\" width=\"602\">\n            <tbody><tr><td style=\"padding:0;vertical-align:top\">​</td></tr>\n          </tbody></table>\n\n      </tbody></table>\n    </center>\n  <img style=\"border:0!important;height:1px!important;width:1px!important;margin:0!important;padding:0!important\" src=\"http://createsend1.com/t/t-o-tyutijl-l/o.gif\" width=\"1\" height=\"1\" border=\"0\" alt=\"\">\n\n<div></div>\n\n\n\n\n</div>\n</body></html>',NULL,NULL),(2,4,'[\"1\", \"nicolas.reynoso@gmail.com\", \"Nicol\\u00e1s Alejo Reynoso\"]','[[\"4\", \"nicolas.reynoso@gmail.com\", \"Nicol\\u00e1s Alejo Reynoso\"]]','Observar el partido Boca Juniors vs Independiente','<!DOCTYPE HTML PUBLIC \"-//W3C//DTD HTML 4.01 Transitional//EN\"><html><head><META http-equiv=\"Content-Type\" content=\"text/html; charset=utf-8\"></head><body>\n\n    \n    \n    \n    \n  \n\n\n\n  <div style=\"margin:0;padding:0;min-width:100%;background-color:#fbfbfb\">\n    <center style=\"display:table;table-layout:fixed;width:100%;min-width:620px;background-color:#fbfbfb\">\n    	<table style=\"border-collapse:collapse;border-spacing:0;width:650px;min-width:650px\"><tbody><tr><td style=\"padding:0;vertical-align:top;font-size:1px;line-height:1px\"> </td></tr></tbody></table>\n      <table style=\"border-collapse:collapse;border-spacing:0;Margin-left:auto;Margin-right:auto\">\n        <tbody><tr>\n          <td style=\"padding:0;vertical-align:top\">\n            <table style=\"border-collapse:collapse;border-spacing:0;width:602px\">\n              <tbody><tr>\n                \n                <td style=\"padding:0;vertical-align:top;padding-top:10px;padding-bottom:12px;font-size:12px;line-height:21px;text-align:right;width:300px;color:#999;font-family:Georgia,serif\">\n                  No ves las Imágenes? <a style=\"text-decoration:none;color:#999;font-weight:bold\" href=\"#\" target=\"_blank\">Hacé click aquí</a>\n                </td>\n              </tr>\n            </tbody></table>\n          </td>\n        </tr>\n      </tbody></table>\n      <table style=\"border-collapse:collapse;border-spacing:0;Margin-left:auto;Margin-right:auto;width:602px\">\n        <tbody><tr><td style=\"padding:0;vertical-align:top;font-size:1px;line-height:1px;background-color:#e9e9e9;width:1px\"> </td></tr>\n        <tr><td style=\"padding:32px 0;vertical-align:top\"><div style=\"font-size:26px;font-weight:700;letter-spacing:-0.02em;line-height:32px;color:#41637e;font-family:sans-serif\" align=\"left\"><img style=\"border:0;display:block;max-width:325px\" src=\"http://granliga.com/static/img/logos/3.png\" alt=\"\" width=\"217\" height=\"92\"></div></td></tr>\n      </tbody></table>\n      \n          <table style=\"border-collapse:collapse;border-spacing:0;font-size:1px;line-height:1px;background-color:#e9e9e9;Margin-left:auto;Margin-right:auto\" width=\"602\">\n            <tbody><tr><td style=\"padding:0;vertical-align:top\">​</td></tr>\n          </tbody></table>\n        \n          <table style=\"border-collapse:collapse;border-spacing:0;Margin-left:auto;Margin-right:auto\">\n            <tbody><tr>\n              <td style=\"padding:0;vertical-align:top;font-size:1px;line-height:1px;background-color:#e9e9e9;width:1px\">​</td>\n              <td style=\"padding:0;vertical-align:top\">\n                <table style=\"border-collapse:collapse;border-spacing:0;Margin-left:auto;Margin-right:auto;width:600px;background-color:#ffffff;font-size:14px\">\n                  <tbody><tr>\n                    <td style=\"padding:0;vertical-align:top;text-align:left\">\n                      \n              <div style=\"font-size:12px;Margin-bottom:24px;color:#565656;font-family:Georgia,serif\" align=\"center\">\n                <img style=\"border:0;display:block;max-width:128px\" src=\"http://i1.createsend1.com/ei/t/60/9F3/20E/004835/csfinal/1422560508_soccer_5.png\" alt=\"\" width=\"128\" height=\"128\">\n              </div>\n            \n                        <table style=\"border-collapse:collapse;border-spacing:0;width:100%\">\n                          <tbody><tr>\n                            <td style=\"padding:0;vertical-align:top;padding-left:32px;padding-right:32px\">\n                              \n            <h1 style=\"Margin-top:0;color:#565656;font-weight:700;font-size:36px;Margin-bottom:18px;font-family:sans-serif;line-height:42px\">Nicolás Alejo Reynoso,</h1><p style=\"Margin-top:0;color:#565656;font-family:Georgia,serif;font-size:16px;line-height:25px;Margin-bottom:25px\">Nicolás Alejo Reynoso, organizador del torneo &quot;<strong style=\"font-weight:bold\">El torneo de tu vida</strong>&quot;<strong style=\"font-weight:bold\">, </strong>te asigno para observar el partido <strong style=\"font-weight:bold\">Boca Juniors vs Independiente</strong> .\n            <p style=\"Margin-top:0;color:#565656;font-family:Georgia,serif;font-size:16px;line-height:25px;Margin-bottom:25px\">Si aceptas observar el partido haz click en <a style=\"text-decoration:underline;color:#41637e\" href=\"http://127.0.0.1:5001/link/WDNaSC9pWlZqaldJRjArVHZsNTRrLzV6d3doK0ttSnBIOFZNNldDMStIVkVoNWk2RTZ4dGVUS1o0Q1hiWXMvWGtpWnY0K0pNakNZL0w4SUhuL0R6eGc9PQ==/accept\" target=\"_blank\">acepto observar el partido</a>.</p><p style=\"Margin-top:0;color:#565656;font-family:Georgia,serif;font-size:16px;line-height:25px;Margin-bottom:25px\">Por otro lado, si no deseas o no puedes observar el partido, por favor haz click en <a style=\"text-decoration:underline;color:#41637e\" href=\"http://127.0.0.1:5001/link/WDNaSC9pWlZqaldJRjArVHZsNTRrLzV6d3doK0ttSnBIOFZNNldDMStIVkVoNWk2RTZ4dGVUS1o0Q1hiWXMvWGtpWnY0K0pNakNZL0w4SUhuL0R6eGc9PQ==/reject\" target=\"_blank\">NO acepto observar el partido </a>.</p>\n            <p style=\"Margin-top:0;color:#565656;font-family:Georgia,serif;font-size:16px;line-height:25px;Margin-bottom:25px\">Pasadas 48hs de recibido este aviso la solicitud quedará sin efecto.</p><p style=\"Margin-top:0;color:#565656;font-family:Georgia,serif;font-size:16px;line-height:25px;Margin-bottom:25px\"> </p>\n          \n                            </td>\n                          </tr>\n                        </tbody></table>\n                      \n                        <table style=\"border-collapse:collapse;border-spacing:0;width:100%\">\n                          <tbody><tr>\n                            <td style=\"padding:0;vertical-align:top;padding-left:32px;padding-right:32px\">\n                              \n            <table style=\"border-collapse:collapse;border-spacing:0;width:100%\"><tbody><tr><td style=\"padding:0;vertical-align:top;padding-bottom:24px\" align=\"center\">\n              <table style=\"border-collapse:collapse;border-spacing:0;background-color:#e9e9e9;font-size:2px;line-height:2px;width:60px\">\n              <table style=\"border-collapse:collapse;border-spacing:0;width:100%\">\n                                        <tbody><tr>\n                                          <td style=\"padding:0;vertical-align:top;padding-left:32px;padding-right:32px\">\n                                            \n                          <table style=\"border-collapse:collapse;border-spacing:0;width:100%\"><tbody><tr><td align=\"center\" style=\"padding:0;vertical-align:top;padding-bottom:0px\">\n                            <table style=\"border-collapse:collapse;border-spacing:0;background-color:#e9e9e9;font-size:2px;line-height:2px;width:60px\">\n                              <tbody><tr><td style=\"padding:0;vertical-align:top\">&nbsp;</td></tr>\n                            </tbody></table>\n                          </td></tr></tbody></table>\n                        \n                                          </td>\n                                        </tr>\n                                      </tbody></table>\n                <tbody><tr><td style=\"padding:0;vertical-align:top\"> </td></tr>\n              </tbody></table>\n            </td></tr></tbody></table>\n          \n                            </td>\n                          </tr>\n                        </tbody></table>\n                      \n                        <table style=\"border-collapse:collapse;border-spacing:0;width:100%\">\n                          <tbody><tr>\n                            <td style=\"padding:0;vertical-align:top;padding-left:32px;padding-right:32px\">\n                              \n            <p style=\"Margin-top:0;color:#565656;font-family:Georgia,serif;font-size:16px;line-height:25px;Margin-bottom:25px\"><a href=\"http://granliga.com\" target=\"_blank\">granliga.com</a> (R) es un gestor integral de torneos de fútbol.<br>\nTe invitamos a <a style=\"text-decoration:underline;color:#41637e\" href=\"http://www.granliga.com\" target=\"_blank\">www.granliga.com</a>  para que conozcas más</p><p style=\"Margin-top:0;color:#565656;font-family:Georgia,serif;font-size:16px;line-height:25px;Margin-bottom:24px\"> </p>\n          \n                            </td>\n                          </tr>\n                        </tbody></table>\n                      \n                      <div style=\"font-size:8px;line-height:8px\"> </div>\n                    </td>\n                  </tr>\n                </tbody></table>\n              </td>\n              <td style=\"padding:0;vertical-align:top;font-size:1px;line-height:1px;background-color:#e9e9e9;width:1px\">​</td>\n            </tr>\n          </tbody></table>\n        \n          <table style=\"border-collapse:collapse;border-spacing:0;font-size:1px;line-height:1px;background-color:#e9e9e9;Margin-left:auto;Margin-right:auto\" width=\"602\">\n            <tbody><tr><td style=\"padding:0;vertical-align:top\">​</td></tr>\n          </tbody></table>\n\n      </tbody></table>\n    </center>\n  <img style=\"border:0!important;height:1px!important;width:1px!important;margin:0!important;padding:0!important\" src=\"http://createsend1.com/t/t-o-tyutijl-l/o.gif\" width=\"1\" height=\"1\" border=\"0\" alt=\"\">\n\n<div></div>\n\n\n\n\n</div>\n</body></html>',NULL,NULL),(3,4,'[\"1\", \"nicolas.reynoso@gmail.com\", \"Nicol\\u00e1s Alejo Reynoso\"]','[[\"4\", \"nicolas.reynoso@gmail.com\", \"Nicol\\u00e1s Alejo Reynoso\"]]','Observar el partido Boca Juniors vs River Plate','<!DOCTYPE HTML PUBLIC \"-//W3C//DTD HTML 4.01 Transitional//EN\"><html><head><META http-equiv=\"Content-Type\" content=\"text/html; charset=utf-8\"></head><body>\n\n    \n    \n    \n    \n  \n\n\n\n  <div style=\"margin:0;padding:0;min-width:100%;background-color:#fbfbfb\">\n    <center style=\"display:table;table-layout:fixed;width:100%;min-width:620px;background-color:#fbfbfb\">\n    	<table style=\"border-collapse:collapse;border-spacing:0;width:650px;min-width:650px\"><tbody><tr><td style=\"padding:0;vertical-align:top;font-size:1px;line-height:1px\"> </td></tr></tbody></table>\n      <table style=\"border-collapse:collapse;border-spacing:0;Margin-left:auto;Margin-right:auto\">\n        <tbody><tr>\n          <td style=\"padding:0;vertical-align:top\">\n            <table style=\"border-collapse:collapse;border-spacing:0;width:602px\">\n              <tbody><tr>\n                \n                <td style=\"padding:0;vertical-align:top;padding-top:10px;padding-bottom:12px;font-size:12px;line-height:21px;text-align:right;width:300px;color:#999;font-family:Georgia,serif\">\n                  No ves las Imágenes? <a style=\"text-decoration:none;color:#999;font-weight:bold\" href=\"#\" target=\"_blank\">Hacé click aquí</a>\n                </td>\n              </tr>\n            </tbody></table>\n          </td>\n        </tr>\n      </tbody></table>\n      <table style=\"border-collapse:collapse;border-spacing:0;Margin-left:auto;Margin-right:auto;width:602px\">\n        <tbody><tr><td style=\"padding:0;vertical-align:top;font-size:1px;line-height:1px;background-color:#e9e9e9;width:1px\"> </td></tr>\n        <tr><td style=\"padding:32px 0;vertical-align:top\"><div style=\"font-size:26px;font-weight:700;letter-spacing:-0.02em;line-height:32px;color:#41637e;font-family:sans-serif\" align=\"left\"><img style=\"border:0;display:block;max-width:325px\" src=\"http://granliga.com/static/img/logos/3.png\" alt=\"\" width=\"217\" height=\"92\"></div></td></tr>\n      </tbody></table>\n      \n          <table style=\"border-collapse:collapse;border-spacing:0;font-size:1px;line-height:1px;background-color:#e9e9e9;Margin-left:auto;Margin-right:auto\" width=\"602\">\n            <tbody><tr><td style=\"padding:0;vertical-align:top\">​</td></tr>\n          </tbody></table>\n        \n          <table style=\"border-collapse:collapse;border-spacing:0;Margin-left:auto;Margin-right:auto\">\n            <tbody><tr>\n              <td style=\"padding:0;vertical-align:top;font-size:1px;line-height:1px;background-color:#e9e9e9;width:1px\">​</td>\n              <td style=\"padding:0;vertical-align:top\">\n                <table style=\"border-collapse:collapse;border-spacing:0;Margin-left:auto;Margin-right:auto;width:600px;background-color:#ffffff;font-size:14px\">\n                  <tbody><tr>\n                    <td style=\"padding:0;vertical-align:top;text-align:left\">\n                      \n              <div style=\"font-size:12px;Margin-bottom:24px;color:#565656;font-family:Georgia,serif\" align=\"center\">\n                <img style=\"border:0;display:block;max-width:128px\" src=\"http://i1.createsend1.com/ei/t/60/9F3/20E/004835/csfinal/1422560508_soccer_5.png\" alt=\"\" width=\"128\" height=\"128\">\n              </div>\n            \n                        <table style=\"border-collapse:collapse;border-spacing:0;width:100%\">\n                          <tbody><tr>\n                            <td style=\"padding:0;vertical-align:top;padding-left:32px;padding-right:32px\">\n                              \n            <h1 style=\"Margin-top:0;color:#565656;font-weight:700;font-size:36px;Margin-bottom:18px;font-family:sans-serif;line-height:42px\">Nicolás Alejo Reynoso,</h1><p style=\"Margin-top:0;color:#565656;font-family:Georgia,serif;font-size:16px;line-height:25px;Margin-bottom:25px\">Nicolás Alejo Reynoso, organizador del torneo &quot;<strong style=\"font-weight:bold\">El torneo de tu vida</strong>&quot;<strong style=\"font-weight:bold\">, </strong>te asigno para observar el partido <strong style=\"font-weight:bold\">Boca Juniors vs River Plate</strong> .\n            <p style=\"Margin-top:0;color:#565656;font-family:Georgia,serif;font-size:16px;line-height:25px;Margin-bottom:25px\">Si aceptas observar el partido haz click en <a style=\"text-decoration:underline;color:#41637e\" href=\"http://127.0.0.1:5001/link/bmNWdUtLYzlxeSt0RVNYWHlsaW1CUmJFNG9Ub0F0VUZpczJrMWduU2VTSG5zVTNwQ3J1OXcxcTJjY2I2NlBicEUyWFhHMTZFQlhmcE1Pb2ZTZmF5cnc9PQ==/accept\" target=\"_blank\">acepto observar el partido</a>.</p><p style=\"Margin-top:0;color:#565656;font-family:Georgia,serif;font-size:16px;line-height:25px;Margin-bottom:25px\">Por otro lado, si no deseas o no puedes observar el partido, por favor haz click en <a style=\"text-decoration:underline;color:#41637e\" href=\"http://127.0.0.1:5001/link/bmNWdUtLYzlxeSt0RVNYWHlsaW1CUmJFNG9Ub0F0VUZpczJrMWduU2VTSG5zVTNwQ3J1OXcxcTJjY2I2NlBicEUyWFhHMTZFQlhmcE1Pb2ZTZmF5cnc9PQ==/reject\" target=\"_blank\">NO acepto observar el partido </a>.</p>\n            <p style=\"Margin-top:0;color:#565656;font-family:Georgia,serif;font-size:16px;line-height:25px;Margin-bottom:25px\">Pasadas 48hs de recibido este aviso la solicitud quedará sin efecto.</p><p style=\"Margin-top:0;color:#565656;font-family:Georgia,serif;font-size:16px;line-height:25px;Margin-bottom:25px\"> </p>\n          \n                            </td>\n                          </tr>\n                        </tbody></table>\n                      \n                        <table style=\"border-collapse:collapse;border-spacing:0;width:100%\">\n                          <tbody><tr>\n                            <td style=\"padding:0;vertical-align:top;padding-left:32px;padding-right:32px\">\n                              \n            <table style=\"border-collapse:collapse;border-spacing:0;width:100%\"><tbody><tr><td style=\"padding:0;vertical-align:top;padding-bottom:24px\" align=\"center\">\n              <table style=\"border-collapse:collapse;border-spacing:0;background-color:#e9e9e9;font-size:2px;line-height:2px;width:60px\">\n              <table style=\"border-collapse:collapse;border-spacing:0;width:100%\">\n                                        <tbody><tr>\n                                          <td style=\"padding:0;vertical-align:top;padding-left:32px;padding-right:32px\">\n                                            \n                          <table style=\"border-collapse:collapse;border-spacing:0;width:100%\"><tbody><tr><td align=\"center\" style=\"padding:0;vertical-align:top;padding-bottom:0px\">\n                            <table style=\"border-collapse:collapse;border-spacing:0;background-color:#e9e9e9;font-size:2px;line-height:2px;width:60px\">\n                              <tbody><tr><td style=\"padding:0;vertical-align:top\">&nbsp;</td></tr>\n                            </tbody></table>\n                          </td></tr></tbody></table>\n                        \n                                          </td>\n                                        </tr>\n                                      </tbody></table>\n                <tbody><tr><td style=\"padding:0;vertical-align:top\"> </td></tr>\n              </tbody></table>\n            </td></tr></tbody></table>\n          \n                            </td>\n                          </tr>\n                        </tbody></table>\n                      \n                        <table style=\"border-collapse:collapse;border-spacing:0;width:100%\">\n                          <tbody><tr>\n                            <td style=\"padding:0;vertical-align:top;padding-left:32px;padding-right:32px\">\n                              \n            <p style=\"Margin-top:0;color:#565656;font-family:Georgia,serif;font-size:16px;line-height:25px;Margin-bottom:25px\"><a href=\"http://granliga.com\" target=\"_blank\">granliga.com</a> (R) es un gestor integral de torneos de fútbol.<br>\nTe invitamos a <a style=\"text-decoration:underline;color:#41637e\" href=\"http://www.granliga.com\" target=\"_blank\">www.granliga.com</a>  para que conozcas más</p><p style=\"Margin-top:0;color:#565656;font-family:Georgia,serif;font-size:16px;line-height:25px;Margin-bottom:24px\"> </p>\n          \n                            </td>\n                          </tr>\n                        </tbody></table>\n                      \n                      <div style=\"font-size:8px;line-height:8px\"> </div>\n                    </td>\n                  </tr>\n                </tbody></table>\n              </td>\n              <td style=\"padding:0;vertical-align:top;font-size:1px;line-height:1px;background-color:#e9e9e9;width:1px\">​</td>\n            </tr>\n          </tbody></table>\n        \n          <table style=\"border-collapse:collapse;border-spacing:0;font-size:1px;line-height:1px;background-color:#e9e9e9;Margin-left:auto;Margin-right:auto\" width=\"602\">\n            <tbody><tr><td style=\"padding:0;vertical-align:top\">​</td></tr>\n          </tbody></table>\n\n      </tbody></table>\n    </center>\n  <img style=\"border:0!important;height:1px!important;width:1px!important;margin:0!important;padding:0!important\" src=\"http://createsend1.com/t/t-o-tyutijl-l/o.gif\" width=\"1\" height=\"1\" border=\"0\" alt=\"\">\n\n<div></div>\n\n\n\n\n</div>\n</body></html>',NULL,NULL),(4,4,'[\"1\", \"nicolas.reynoso@gmail.com\", \"Nicol\\u00e1s Alejo Reynoso\"]','[[\"4\", \"nicolas.reynoso@gmail.com\", \"Nicol\\u00e1s Alejo Reynoso\"]]','Observar el partido Independiente vs San Lorenzo','<!DOCTYPE HTML PUBLIC \"-//W3C//DTD HTML 4.01 Transitional//EN\"><html><head><META http-equiv=\"Content-Type\" content=\"text/html; charset=utf-8\"></head><body>\n\n    \n    \n    \n    \n  \n\n\n\n  <div style=\"margin:0;padding:0;min-width:100%;background-color:#fbfbfb\">\n    <center style=\"display:table;table-layout:fixed;width:100%;min-width:620px;background-color:#fbfbfb\">\n    	<table style=\"border-collapse:collapse;border-spacing:0;width:650px;min-width:650px\"><tbody><tr><td style=\"padding:0;vertical-align:top;font-size:1px;line-height:1px\"> </td></tr></tbody></table>\n      <table style=\"border-collapse:collapse;border-spacing:0;Margin-left:auto;Margin-right:auto\">\n        <tbody><tr>\n          <td style=\"padding:0;vertical-align:top\">\n            <table style=\"border-collapse:collapse;border-spacing:0;width:602px\">\n              <tbody><tr>\n                \n                <td style=\"padding:0;vertical-align:top;padding-top:10px;padding-bottom:12px;font-size:12px;line-height:21px;text-align:right;width:300px;color:#999;font-family:Georgia,serif\">\n                  No ves las Imágenes? <a style=\"text-decoration:none;color:#999;font-weight:bold\" href=\"#\" target=\"_blank\">Hacé click aquí</a>\n                </td>\n              </tr>\n            </tbody></table>\n          </td>\n        </tr>\n      </tbody></table>\n      <table style=\"border-collapse:collapse;border-spacing:0;Margin-left:auto;Margin-right:auto;width:602px\">\n        <tbody><tr><td style=\"padding:0;vertical-align:top;font-size:1px;line-height:1px;background-color:#e9e9e9;width:1px\"> </td></tr>\n        <tr><td style=\"padding:32px 0;vertical-align:top\"><div style=\"font-size:26px;font-weight:700;letter-spacing:-0.02em;line-height:32px;color:#41637e;font-family:sans-serif\" align=\"left\"><img style=\"border:0;display:block;max-width:325px\" src=\"http://granliga.com/static/img/logos/3.png\" alt=\"\" width=\"217\" height=\"92\"></div></td></tr>\n      </tbody></table>\n      \n          <table style=\"border-collapse:collapse;border-spacing:0;font-size:1px;line-height:1px;background-color:#e9e9e9;Margin-left:auto;Margin-right:auto\" width=\"602\">\n            <tbody><tr><td style=\"padding:0;vertical-align:top\">​</td></tr>\n          </tbody></table>\n        \n          <table style=\"border-collapse:collapse;border-spacing:0;Margin-left:auto;Margin-right:auto\">\n            <tbody><tr>\n              <td style=\"padding:0;vertical-align:top;font-size:1px;line-height:1px;background-color:#e9e9e9;width:1px\">​</td>\n              <td style=\"padding:0;vertical-align:top\">\n                <table style=\"border-collapse:collapse;border-spacing:0;Margin-left:auto;Margin-right:auto;width:600px;background-color:#ffffff;font-size:14px\">\n                  <tbody><tr>\n                    <td style=\"padding:0;vertical-align:top;text-align:left\">\n                      \n              <div style=\"font-size:12px;Margin-bottom:24px;color:#565656;font-family:Georgia,serif\" align=\"center\">\n                <img style=\"border:0;display:block;max-width:128px\" src=\"http://i1.createsend1.com/ei/t/60/9F3/20E/004835/csfinal/1422560508_soccer_5.png\" alt=\"\" width=\"128\" height=\"128\">\n              </div>\n            \n                        <table style=\"border-collapse:collapse;border-spacing:0;width:100%\">\n                          <tbody><tr>\n                            <td style=\"padding:0;vertical-align:top;padding-left:32px;padding-right:32px\">\n                              \n            <h1 style=\"Margin-top:0;color:#565656;font-weight:700;font-size:36px;Margin-bottom:18px;font-family:sans-serif;line-height:42px\">Nicolás Alejo Reynoso,</h1><p style=\"Margin-top:0;color:#565656;font-family:Georgia,serif;font-size:16px;line-height:25px;Margin-bottom:25px\">Nicolás Alejo Reynoso, organizador del torneo &quot;<strong style=\"font-weight:bold\">El torneo de tu vida</strong>&quot;<strong style=\"font-weight:bold\">, </strong>te asigno para observar el partido <strong style=\"font-weight:bold\">Independiente vs San Lorenzo</strong> .\n            <p style=\"Margin-top:0;color:#565656;font-family:Georgia,serif;font-size:16px;line-height:25px;Margin-bottom:25px\">Si aceptas observar el partido haz click en <a style=\"text-decoration:underline;color:#41637e\" href=\"http://127.0.0.1:5001/link/U21MaUJBOE5oaWVFbDJnMjM1c2cxZmZHbXY1c0ZCM0RabFlyL3pIV2RXUDNkdUE3cHdtMTJDa3VDMWt3ZjhFb2M4N0dhZVpHSTJpS0hPSWNoM1Z3Wmc9PQ==/accept\" target=\"_blank\">acepto observar el partido</a>.</p><p style=\"Margin-top:0;color:#565656;font-family:Georgia,serif;font-size:16px;line-height:25px;Margin-bottom:25px\">Por otro lado, si no deseas o no puedes observar el partido, por favor haz click en <a style=\"text-decoration:underline;color:#41637e\" href=\"http://127.0.0.1:5001/link/U21MaUJBOE5oaWVFbDJnMjM1c2cxZmZHbXY1c0ZCM0RabFlyL3pIV2RXUDNkdUE3cHdtMTJDa3VDMWt3ZjhFb2M4N0dhZVpHSTJpS0hPSWNoM1Z3Wmc9PQ==/reject\" target=\"_blank\">NO acepto observar el partido </a>.</p>\n            <p style=\"Margin-top:0;color:#565656;font-family:Georgia,serif;font-size:16px;line-height:25px;Margin-bottom:25px\">Pasadas 48hs de recibido este aviso la solicitud quedará sin efecto.</p><p style=\"Margin-top:0;color:#565656;font-family:Georgia,serif;font-size:16px;line-height:25px;Margin-bottom:25px\"> </p>\n          \n                            </td>\n                          </tr>\n                        </tbody></table>\n                      \n                        <table style=\"border-collapse:collapse;border-spacing:0;width:100%\">\n                          <tbody><tr>\n                            <td style=\"padding:0;vertical-align:top;padding-left:32px;padding-right:32px\">\n                              \n            <table style=\"border-collapse:collapse;border-spacing:0;width:100%\"><tbody><tr><td style=\"padding:0;vertical-align:top;padding-bottom:24px\" align=\"center\">\n              <table style=\"border-collapse:collapse;border-spacing:0;background-color:#e9e9e9;font-size:2px;line-height:2px;width:60px\">\n              <table style=\"border-collapse:collapse;border-spacing:0;width:100%\">\n                                        <tbody><tr>\n                                          <td style=\"padding:0;vertical-align:top;padding-left:32px;padding-right:32px\">\n                                            \n                          <table style=\"border-collapse:collapse;border-spacing:0;width:100%\"><tbody><tr><td align=\"center\" style=\"padding:0;vertical-align:top;padding-bottom:0px\">\n                            <table style=\"border-collapse:collapse;border-spacing:0;background-color:#e9e9e9;font-size:2px;line-height:2px;width:60px\">\n                              <tbody><tr><td style=\"padding:0;vertical-align:top\">&nbsp;</td></tr>\n                            </tbody></table>\n                          </td></tr></tbody></table>\n                        \n                                          </td>\n                                        </tr>\n                                      </tbody></table>\n                <tbody><tr><td style=\"padding:0;vertical-align:top\"> </td></tr>\n              </tbody></table>\n            </td></tr></tbody></table>\n          \n                            </td>\n                          </tr>\n                        </tbody></table>\n                      \n                        <table style=\"border-collapse:collapse;border-spacing:0;width:100%\">\n                          <tbody><tr>\n                            <td style=\"padding:0;vertical-align:top;padding-left:32px;padding-right:32px\">\n                              \n            <p style=\"Margin-top:0;color:#565656;font-family:Georgia,serif;font-size:16px;line-height:25px;Margin-bottom:25px\"><a href=\"http://granliga.com\" target=\"_blank\">granliga.com</a> (R) es un gestor integral de torneos de fútbol.<br>\nTe invitamos a <a style=\"text-decoration:underline;color:#41637e\" href=\"http://www.granliga.com\" target=\"_blank\">www.granliga.com</a>  para que conozcas más</p><p style=\"Margin-top:0;color:#565656;font-family:Georgia,serif;font-size:16px;line-height:25px;Margin-bottom:24px\"> </p>\n          \n                            </td>\n                          </tr>\n                        </tbody></table>\n                      \n                      <div style=\"font-size:8px;line-height:8px\"> </div>\n                    </td>\n                  </tr>\n                </tbody></table>\n              </td>\n              <td style=\"padding:0;vertical-align:top;font-size:1px;line-height:1px;background-color:#e9e9e9;width:1px\">​</td>\n            </tr>\n          </tbody></table>\n        \n          <table style=\"border-collapse:collapse;border-spacing:0;font-size:1px;line-height:1px;background-color:#e9e9e9;Margin-left:auto;Margin-right:auto\" width=\"602\">\n            <tbody><tr><td style=\"padding:0;vertical-align:top\">​</td></tr>\n          </tbody></table>\n\n      </tbody></table>\n    </center>\n  <img style=\"border:0!important;height:1px!important;width:1px!important;margin:0!important;padding:0!important\" src=\"http://createsend1.com/t/t-o-tyutijl-l/o.gif\" width=\"1\" height=\"1\" border=\"0\" alt=\"\">\n\n<div></div>\n\n\n\n\n</div>\n</body></html>',NULL,NULL),(5,1,'[\"4\", \"nicolas.reynoso@gmail.com\", \"Nicol\\u00e1s Alejo Reynoso\"]','[[\"1\", \"nicolas.reynoso@gmail.com\", \"Nicol\\u00e1s Alejo Reynoso\"]]','\"Nicolás Alejo Reynoso\" aceptó observar San Lorenzo vs River Plate','\nHola Nicolás Alejo Reynoso,<br>\nQueremos informarte que Nicolás Alejo Reynoso aceptó ser observador del partido:<br>\nA jugar el día Martes 07/04/2015 a las 00:04  - En La mejor cancha de tu vida (Heredia 550, Capital Federal) <br/>\n<strong>San Lorenzo vs River Plate</strong>.<br>\n <b>San Lorenzo vs River Plate</b> en . <br>',NULL,NULL),(6,1,'[\"4\", \"nicolas.reynoso@gmail.com\", \"Nicol\\u00e1s Alejo Reynoso\"]','[[\"1\", \"nicolas.reynoso@gmail.com\", \"Nicol\\u00e1s Alejo Reynoso\"]]','\"Nicolás Alejo Reynoso\" aceptó observar Boca Juniors vs Independiente','\nHola Nicolás Alejo Reynoso,<br>\nQueremos informarte que Nicolás Alejo Reynoso aceptó ser observador del partido:<br>\nA jugar el día Martes 07/04/2015 a las 00:04  - En La mejor cancha de tu vida (Heredia 550, Capital Federal) <br/>\n<strong>Boca Juniors vs Independiente</strong>.<br>\n <b>Boca Juniors vs Independiente</b> en . <br>',NULL,NULL),(7,1,'[\"4\", \"nicolas.reynoso@gmail.com\", \"Nicol\\u00e1s Alejo Reynoso\"]','[[\"1\", \"nicolas.reynoso@gmail.com\", \"Nicol\\u00e1s Alejo Reynoso\"]]','\"Nicolás Alejo Reynoso\" aceptó observar Boca Juniors vs River Plate','\nHola Nicolás Alejo Reynoso,<br>\nQueremos informarte que Nicolás Alejo Reynoso aceptó ser observador del partido:<br>\nA jugar el día Martes 14/04/2015 a las 00:04  - En La mejor cancha de tu vida (Heredia 550, Capital Federal) <br/>\n<strong>Boca Juniors vs River Plate</strong>.<br>\n <b>Boca Juniors vs River Plate</b> en . <br>',NULL,NULL),(8,1,'[\"4\", \"nicolas.reynoso@gmail.com\", \"Nicol\\u00e1s Alejo Reynoso\"]','[[\"1\", \"nicolas.reynoso@gmail.com\", \"Nicol\\u00e1s Alejo Reynoso\"]]','\"Nicolás Alejo Reynoso\" aceptó observar Independiente vs San Lorenzo','\nHola Nicolás Alejo Reynoso,<br>\nQueremos informarte que Nicolás Alejo Reynoso aceptó ser observador del partido:<br>\nA jugar el día Martes 14/04/2015 a las 00:04  - En La mejor cancha de tu vida (Heredia 550, Capital Federal) <br/>\n<strong>Independiente vs San Lorenzo</strong>.<br>\n <b>Independiente vs San Lorenzo</b> en . <br>',NULL,NULL),(9,5,'[\"2\", \"nicolas.reynoso@gmail.com\", \"Nicol\\u00e1s Alejo Reynoso\"]','[[\"5\", \"ponzio@gmail.com\", \" \"]]','Solicitud jugador en el equipo River Plate','<!DOCTYPE HTML PUBLIC \"-//W3C//DTD HTML 4.01 Transitional//EN\"><html><head><META http-equiv=\"Content-Type\" content=\"text/html; charset=utf-8\"></head><body>\n\n    \n    \n    \n    \n  \n\n\n\n  <div style=\"margin:0;padding:0;min-width:100%;background-color:#fbfbfb\">\n    <center style=\"display:table;table-layout:fixed;width:100%;min-width:620px;background-color:#fbfbfb\">\n      <table style=\"border-collapse:collapse;border-spacing:0;width:650px;min-width:650px\"><tbody><tr><td style=\"padding:0;vertical-align:top;font-size:1px;line-height:1px\"> </td></tr></tbody></table>\n      <table style=\"border-collapse:collapse;border-spacing:0;Margin-left:auto;Margin-right:auto\">\n        <tbody><tr>\n          <td style=\"padding:0;vertical-align:top\">\n            <table style=\"border-collapse:collapse;border-spacing:0;width:602px\">\n              <tbody><tr>\n                \n                <td style=\"padding:0;vertical-align:top;padding-top:10px;padding-bottom:12px;font-size:12px;line-height:21px;text-align:right;width:300px;color:#999;font-family:Georgia,serif\">\n                  No ves las Imágenes? <a style=\"text-decoration:none;color:#999;font-weight:bold\" href=\"#\" target=\"_blank\">Hacé click aquí</a>\n                </td>\n              </tr>\n            </tbody></table>\n          </td>\n        </tr>\n      </tbody></table>\n      <table style=\"border-collapse:collapse;border-spacing:0;Margin-left:auto;Margin-right:auto;width:602px\">\n        <tbody><tr><td style=\"padding:0;vertical-align:top;font-size:1px;line-height:1px;background-color:#e9e9e9;width:1px\"> </td></tr>\n        <tr><td style=\"padding:32px 0;vertical-align:top\"><div style=\"font-size:26px;font-weight:700;letter-spacing:-0.02em;line-height:32px;color:#41637e;font-family:sans-serif\" align=\"left\"><img style=\"border:0;display:block;max-width:325px\" src=\"http://granliga.com/static/img/logos/3.png\" alt=\"\" width=\"217\" height=\"92\"></div></td></tr>\n      </tbody></table>\n      \n          <table style=\"border-collapse:collapse;border-spacing:0;font-size:1px;line-height:1px;background-color:#e9e9e9;Margin-left:auto;Margin-right:auto\" width=\"602\">\n            <tbody><tr><td style=\"padding:0;vertical-align:top\">​</td></tr>\n          </tbody></table>\n        \n          <table style=\"border-collapse:collapse;border-spacing:0;Margin-left:auto;Margin-right:auto\">\n            <tbody><tr>\n              <td style=\"padding:0;vertical-align:top;font-size:1px;line-height:1px;background-color:#e9e9e9;width:1px\">​</td>\n              <td style=\"padding:0;vertical-align:top\">\n                <table style=\"border-collapse:collapse;border-spacing:0;Margin-left:auto;Margin-right:auto;width:600px;background-color:#ffffff;font-size:14px\">\n                  <tbody><tr>\n                    <td style=\"padding:0;vertical-align:top;text-align:left\">\n                      \n              <div style=\"font-size:12px;Margin-bottom:24px;color:#565656;font-family:Georgia,serif\" align=\"center\">\n                <img style=\"border:0;display:block;max-width:128px\" src=\"http://i1.createsend1.com/ei/t/60/9F3/20E/004835/csfinal/1422560508_soccer_5.png\" alt=\"\" width=\"128\" height=\"128\">\n              </div>\n            \n                        <table style=\"border-collapse:collapse;border-spacing:0;width:100%\">\n                          <tbody><tr>\n                            <td style=\"padding:0;vertical-align:top;padding-left:32px;padding-right:32px\">\n                              \n            <h1 style=\"Margin-top:0;color:#565656;font-weight:700;font-size:36px;Margin-bottom:18px;font-family:sans-serif;line-height:42px\">ponzio@gmail.com,</h1><p style=\"Margin-top:0;color:#565656;font-family:Georgia,serif;font-size:16px;line-height:25px;Margin-bottom:25px\">Nicolás Alejo Reynoso, responsable del equipo &quot;<strong style=\"font-weight:bold\">River Plate</strong>&quot;<strong style=\"font-weight:bold\">, </strong>te invita a que formes parte del equipo!!!</p><p style=\"Margin-top:0;color:#565656;font-family:Georgia,serif;font-size:16px;line-height:25px;Margin-bottom:25px\">El próximo 01/04/2015 está iniciando el torneo <strong style=\"font-weight:bold\">El torneo de tu vida</strong> en La mejor cancha de tu vida, en Heredia 550, Capital Federal, Buenos Aires. </p><p style=\"Margin-top:0;color:#565656;font-family:Georgia,serif;font-size:16px;line-height:25px;Margin-bottom:25px\">Se trata de un torneo del formato todos contra todos, que se disputará los días Martes mayormente (puede haber algún cambio de días, preavisados).</p><p style=\"Margin-top:0;color:#565656;font-family:Georgia,serif;font-size:16px;line-height:25px;Margin-bottom:25px\">Si quieres formar parte del equipo <strong style=\"font-weight:bold\">&quot;River Plate&quot;</strong> haz click en <a style=\"text-decoration:underline;color:#41637e\" href=\"http://127.0.0.1:5001/user/registration/eGZsMEJLVHR3aTFQMFJPVEYyNmRHSXEvamV2RU93NDZINmI1Nm5nWjd0Z01pTk16bFEzQThadUdYbGNYM25jNUpzakh5eThwb2NvT1pETlNrMlVxYXc9PQ==/accept?next_url=/link/TEFGSGNvckRnYThPb1BQN1JhYlY5eUpkMElCd2dSZkcvWk5NSURIUFJaRm95L2ZvNTE5eUN4OThtWnkyd3JOWWF3WjFjT2M2NE9nNm5PRnB4d1dQTXc9PQ==/accept\" target=\"_blank\">acepto formar parte del equipo</a>.</p><p style=\"Margin-top:0;color:#565656;font-family:Georgia,serif;font-size:16px;line-height:25px;Margin-bottom:25px\">Por otro lado, si no deseas o no puedes formar parte de <strong style=\"font-weight:bold\">&quot;River Plate&quot;</strong>, por favor haz click en <a style=\"text-decoration:underline;color:#41637e\" href=\"http://127.0.0.1:5001/user/registration/eGZsMEJLVHR3aTFQMFJPVEYyNmRHSXEvamV2RU93NDZINmI1Nm5nWjd0Z01pTk16bFEzQThadUdYbGNYM25jNUpzakh5eThwb2NvT1pETlNrMlVxYXc9PQ==/reject?next_url=/link/TEFGSGNvckRnYThPb1BQN1JhYlY5eUpkMElCd2dSZkcvWk5NSURIUFJaRm95L2ZvNTE5eUN4OThtWnkyd3JOWWF3WjFjT2M2NE9nNm5PRnB4d1dQTXc9PQ==/reject\" target=\"_blank\">NO acepto formar parte del equipo\n</a>.</p><p style=\"Margin-top:0;color:#565656;font-family:Georgia,serif;font-size:16px;line-height:25px;Margin-bottom:25px\">Pasadas 48hs de recibido este aviso la solicitud quedará sin efecto.</p><p style=\"Margin-top:0;color:#565656;font-family:Georgia,serif;font-size:16px;line-height:25px;Margin-bottom:25px\"> </p>\n          \n                            </td>\n                          </tr>\n                        </tbody></table>\n                      \n                        <table style=\"border-collapse:collapse;border-spacing:0;width:100%\">\n                          <tbody><tr>\n                            <td style=\"padding:0;vertical-align:top;padding-left:32px;padding-right:32px\">\n                              \n            <table style=\"border-collapse:collapse;border-spacing:0;width:100%\"><tbody><tr><td style=\"padding:0;vertical-align:top;padding-bottom:24px\" align=\"center\">\n              <table style=\"border-collapse:collapse;border-spacing:0;background-color:#e9e9e9;font-size:2px;line-height:2px;width:60px\">\n                <tbody><tr><td style=\"padding:0;vertical-align:top\"> </td></tr>\n              </tbody></table>\n            </td></tr></tbody></table>\n          \n                            </td>\n                          </tr>\n                        </tbody></table>\n                      \n                        <table style=\"border-collapse:collapse;border-spacing:0;width:100%\">\n                          <tbody><tr>\n                            <td style=\"padding:0;vertical-align:top;padding-left:32px;padding-right:32px\">\n                              \n            <p style=\"Margin-top:0;color:#565656;font-family:Georgia,serif;font-size:16px;line-height:25px;Margin-bottom:25px\"><a href=\"http://granliga.com\" target=\"_blank\">granliga.com</a> (R) es un gestor integral de torneos de fútbol.<br>\nTe invitamos a <a style=\"text-decoration:underline;color:#41637e\" href=\"http://www.granliga.com\" target=\"_blank\">www.granliga.com</a>  para que conozcas más</p><p style=\"Margin-top:0;color:#565656;font-family:Georgia,serif;font-size:16px;line-height:25px;Margin-bottom:24px\"> </p>\n          \n                            </td>\n                          </tr>\n                        </tbody></table>\n                      \n                      <div style=\"font-size:8px;line-height:8px\"> </div>\n                    </td>\n                  </tr>\n                </tbody></table>\n              </td>\n              <td style=\"padding:0;vertical-align:top;font-size:1px;line-height:1px;background-color:#e9e9e9;width:1px\">​</td>\n            </tr>\n          </tbody></table>\n        \n          <table style=\"border-collapse:collapse;border-spacing:0;font-size:1px;line-height:1px;background-color:#e9e9e9;Margin-left:auto;Margin-right:auto\" width=\"602\">\n            <tbody><tr><td style=\"padding:0;vertical-align:top\">​</td></tr>\n          </tbody></table>\n\n      </tbody></table>\n    </center>\n  <img style=\"border:0!important;height:1px!important;width:1px!important;margin:0!important;padding:0!important\" src=\"http://createsend1.com/t/t-o-tyutijl-l/o.gif\" width=\"1\" height=\"1\" border=\"0\" alt=\"\">\n\n<div></div>\n\n\n\n\n</div>\n</body></html>',NULL,NULL),(10,6,'[\"2\", \"nicolas.reynoso@gmail.com\", \"Nicol\\u00e1s Alejo Reynoso\"]','[[\"6\", \"gallardo@gmail.com\", \" \"]]','Solicitud jugador en el equipo River Plate','<!DOCTYPE HTML PUBLIC \"-//W3C//DTD HTML 4.01 Transitional//EN\"><html><head><META http-equiv=\"Content-Type\" content=\"text/html; charset=utf-8\"></head><body>\n\n    \n    \n    \n    \n  \n\n\n\n  <div style=\"margin:0;padding:0;min-width:100%;background-color:#fbfbfb\">\n    <center style=\"display:table;table-layout:fixed;width:100%;min-width:620px;background-color:#fbfbfb\">\n      <table style=\"border-collapse:collapse;border-spacing:0;width:650px;min-width:650px\"><tbody><tr><td style=\"padding:0;vertical-align:top;font-size:1px;line-height:1px\"> </td></tr></tbody></table>\n      <table style=\"border-collapse:collapse;border-spacing:0;Margin-left:auto;Margin-right:auto\">\n        <tbody><tr>\n          <td style=\"padding:0;vertical-align:top\">\n            <table style=\"border-collapse:collapse;border-spacing:0;width:602px\">\n              <tbody><tr>\n                \n                <td style=\"padding:0;vertical-align:top;padding-top:10px;padding-bottom:12px;font-size:12px;line-height:21px;text-align:right;width:300px;color:#999;font-family:Georgia,serif\">\n                  No ves las Imágenes? <a style=\"text-decoration:none;color:#999;font-weight:bold\" href=\"#\" target=\"_blank\">Hacé click aquí</a>\n                </td>\n              </tr>\n            </tbody></table>\n          </td>\n        </tr>\n      </tbody></table>\n      <table style=\"border-collapse:collapse;border-spacing:0;Margin-left:auto;Margin-right:auto;width:602px\">\n        <tbody><tr><td style=\"padding:0;vertical-align:top;font-size:1px;line-height:1px;background-color:#e9e9e9;width:1px\"> </td></tr>\n        <tr><td style=\"padding:32px 0;vertical-align:top\"><div style=\"font-size:26px;font-weight:700;letter-spacing:-0.02em;line-height:32px;color:#41637e;font-family:sans-serif\" align=\"left\"><img style=\"border:0;display:block;max-width:325px\" src=\"http://granliga.com/static/img/logos/3.png\" alt=\"\" width=\"217\" height=\"92\"></div></td></tr>\n      </tbody></table>\n      \n          <table style=\"border-collapse:collapse;border-spacing:0;font-size:1px;line-height:1px;background-color:#e9e9e9;Margin-left:auto;Margin-right:auto\" width=\"602\">\n            <tbody><tr><td style=\"padding:0;vertical-align:top\">​</td></tr>\n          </tbody></table>\n        \n          <table style=\"border-collapse:collapse;border-spacing:0;Margin-left:auto;Margin-right:auto\">\n            <tbody><tr>\n              <td style=\"padding:0;vertical-align:top;font-size:1px;line-height:1px;background-color:#e9e9e9;width:1px\">​</td>\n              <td style=\"padding:0;vertical-align:top\">\n                <table style=\"border-collapse:collapse;border-spacing:0;Margin-left:auto;Margin-right:auto;width:600px;background-color:#ffffff;font-size:14px\">\n                  <tbody><tr>\n                    <td style=\"padding:0;vertical-align:top;text-align:left\">\n                      \n              <div style=\"font-size:12px;Margin-bottom:24px;color:#565656;font-family:Georgia,serif\" align=\"center\">\n                <img style=\"border:0;display:block;max-width:128px\" src=\"http://i1.createsend1.com/ei/t/60/9F3/20E/004835/csfinal/1422560508_soccer_5.png\" alt=\"\" width=\"128\" height=\"128\">\n              </div>\n            \n                        <table style=\"border-collapse:collapse;border-spacing:0;width:100%\">\n                          <tbody><tr>\n                            <td style=\"padding:0;vertical-align:top;padding-left:32px;padding-right:32px\">\n                              \n            <h1 style=\"Margin-top:0;color:#565656;font-weight:700;font-size:36px;Margin-bottom:18px;font-family:sans-serif;line-height:42px\">gallardo@gmail.com,</h1><p style=\"Margin-top:0;color:#565656;font-family:Georgia,serif;font-size:16px;line-height:25px;Margin-bottom:25px\">Nicolás Alejo Reynoso, responsable del equipo &quot;<strong style=\"font-weight:bold\">River Plate</strong>&quot;<strong style=\"font-weight:bold\">, </strong>te invita a que formes parte del equipo!!!</p><p style=\"Margin-top:0;color:#565656;font-family:Georgia,serif;font-size:16px;line-height:25px;Margin-bottom:25px\">El próximo 01/04/2015 está iniciando el torneo <strong style=\"font-weight:bold\">El torneo de tu vida</strong> en La mejor cancha de tu vida, en Heredia 550, Capital Federal, Buenos Aires. </p><p style=\"Margin-top:0;color:#565656;font-family:Georgia,serif;font-size:16px;line-height:25px;Margin-bottom:25px\">Se trata de un torneo del formato todos contra todos, que se disputará los días Martes mayormente (puede haber algún cambio de días, preavisados).</p><p style=\"Margin-top:0;color:#565656;font-family:Georgia,serif;font-size:16px;line-height:25px;Margin-bottom:25px\">Si quieres formar parte del equipo <strong style=\"font-weight:bold\">&quot;River Plate&quot;</strong> haz click en <a style=\"text-decoration:underline;color:#41637e\" href=\"http://127.0.0.1:5001/user/registration/QUJDRkdaSVlXT0RKTGttR3BRNTUraDBkZXBON1d2RDgxTk44eit6cUVXNDRrRm9WUDlTMkcwcTdPc0pEY1NiZXE2eGRaU2hCdGQ0bFlQa0t4RjBxM2c9PQ==/accept?next_url=/link/OE83VFBydjd5Vkw0TGdwRUY5b3JMbkJ0SW1MN2hDNWh1MXdJZnhKR2Qrb29PYlVySFdLS3R1bFI3b2NDWDBJbFFLemdUS1p1Y1VPYjJsL0VQVlZYMFE9PQ==/accept\" target=\"_blank\">acepto formar parte del equipo</a>.</p><p style=\"Margin-top:0;color:#565656;font-family:Georgia,serif;font-size:16px;line-height:25px;Margin-bottom:25px\">Por otro lado, si no deseas o no puedes formar parte de <strong style=\"font-weight:bold\">&quot;River Plate&quot;</strong>, por favor haz click en <a style=\"text-decoration:underline;color:#41637e\" href=\"http://127.0.0.1:5001/user/registration/QUJDRkdaSVlXT0RKTGttR3BRNTUraDBkZXBON1d2RDgxTk44eit6cUVXNDRrRm9WUDlTMkcwcTdPc0pEY1NiZXE2eGRaU2hCdGQ0bFlQa0t4RjBxM2c9PQ==/reject?next_url=/link/OE83VFBydjd5Vkw0TGdwRUY5b3JMbkJ0SW1MN2hDNWh1MXdJZnhKR2Qrb29PYlVySFdLS3R1bFI3b2NDWDBJbFFLemdUS1p1Y1VPYjJsL0VQVlZYMFE9PQ==/reject\" target=\"_blank\">NO acepto formar parte del equipo\n</a>.</p><p style=\"Margin-top:0;color:#565656;font-family:Georgia,serif;font-size:16px;line-height:25px;Margin-bottom:25px\">Pasadas 48hs de recibido este aviso la solicitud quedará sin efecto.</p><p style=\"Margin-top:0;color:#565656;font-family:Georgia,serif;font-size:16px;line-height:25px;Margin-bottom:25px\"> </p>\n          \n                            </td>\n                          </tr>\n                        </tbody></table>\n                      \n                        <table style=\"border-collapse:collapse;border-spacing:0;width:100%\">\n                          <tbody><tr>\n                            <td style=\"padding:0;vertical-align:top;padding-left:32px;padding-right:32px\">\n                              \n            <table style=\"border-collapse:collapse;border-spacing:0;width:100%\"><tbody><tr><td style=\"padding:0;vertical-align:top;padding-bottom:24px\" align=\"center\">\n              <table style=\"border-collapse:collapse;border-spacing:0;background-color:#e9e9e9;font-size:2px;line-height:2px;width:60px\">\n                <tbody><tr><td style=\"padding:0;vertical-align:top\"> </td></tr>\n              </tbody></table>\n            </td></tr></tbody></table>\n          \n                            </td>\n                          </tr>\n                        </tbody></table>\n                      \n                        <table style=\"border-collapse:collapse;border-spacing:0;width:100%\">\n                          <tbody><tr>\n                            <td style=\"padding:0;vertical-align:top;padding-left:32px;padding-right:32px\">\n                              \n            <p style=\"Margin-top:0;color:#565656;font-family:Georgia,serif;font-size:16px;line-height:25px;Margin-bottom:25px\"><a href=\"http://granliga.com\" target=\"_blank\">granliga.com</a> (R) es un gestor integral de torneos de fútbol.<br>\nTe invitamos a <a style=\"text-decoration:underline;color:#41637e\" href=\"http://www.granliga.com\" target=\"_blank\">www.granliga.com</a>  para que conozcas más</p><p style=\"Margin-top:0;color:#565656;font-family:Georgia,serif;font-size:16px;line-height:25px;Margin-bottom:24px\"> </p>\n          \n                            </td>\n                          </tr>\n                        </tbody></table>\n                      \n                      <div style=\"font-size:8px;line-height:8px\"> </div>\n                    </td>\n                  </tr>\n                </tbody></table>\n              </td>\n              <td style=\"padding:0;vertical-align:top;font-size:1px;line-height:1px;background-color:#e9e9e9;width:1px\">​</td>\n            </tr>\n          </tbody></table>\n        \n          <table style=\"border-collapse:collapse;border-spacing:0;font-size:1px;line-height:1px;background-color:#e9e9e9;Margin-left:auto;Margin-right:auto\" width=\"602\">\n            <tbody><tr><td style=\"padding:0;vertical-align:top\">​</td></tr>\n          </tbody></table>\n\n      </tbody></table>\n    </center>\n  <img style=\"border:0!important;height:1px!important;width:1px!important;margin:0!important;padding:0!important\" src=\"http://createsend1.com/t/t-o-tyutijl-l/o.gif\" width=\"1\" height=\"1\" border=\"0\" alt=\"\">\n\n<div></div>\n\n\n\n\n</div>\n</body></html>',NULL,NULL),(11,7,'[\"2\", \"nicolas.reynoso@gmail.com\", \"Nicol\\u00e1s Alejo Reynoso\"]','[[\"7\", \"barovero@gmail.com\", \" \"]]','Solicitud jugador en el equipo River Plate','<!DOCTYPE HTML PUBLIC \"-//W3C//DTD HTML 4.01 Transitional//EN\"><html><head><META http-equiv=\"Content-Type\" content=\"text/html; charset=utf-8\"></head><body>\n\n    \n    \n    \n    \n  \n\n\n\n  <div style=\"margin:0;padding:0;min-width:100%;background-color:#fbfbfb\">\n    <center style=\"display:table;table-layout:fixed;width:100%;min-width:620px;background-color:#fbfbfb\">\n      <table style=\"border-collapse:collapse;border-spacing:0;width:650px;min-width:650px\"><tbody><tr><td style=\"padding:0;vertical-align:top;font-size:1px;line-height:1px\"> </td></tr></tbody></table>\n      <table style=\"border-collapse:collapse;border-spacing:0;Margin-left:auto;Margin-right:auto\">\n        <tbody><tr>\n          <td style=\"padding:0;vertical-align:top\">\n            <table style=\"border-collapse:collapse;border-spacing:0;width:602px\">\n              <tbody><tr>\n                \n                <td style=\"padding:0;vertical-align:top;padding-top:10px;padding-bottom:12px;font-size:12px;line-height:21px;text-align:right;width:300px;color:#999;font-family:Georgia,serif\">\n                  No ves las Imágenes? <a style=\"text-decoration:none;color:#999;font-weight:bold\" href=\"#\" target=\"_blank\">Hacé click aquí</a>\n                </td>\n              </tr>\n            </tbody></table>\n          </td>\n        </tr>\n      </tbody></table>\n      <table style=\"border-collapse:collapse;border-spacing:0;Margin-left:auto;Margin-right:auto;width:602px\">\n        <tbody><tr><td style=\"padding:0;vertical-align:top;font-size:1px;line-height:1px;background-color:#e9e9e9;width:1px\"> </td></tr>\n        <tr><td style=\"padding:32px 0;vertical-align:top\"><div style=\"font-size:26px;font-weight:700;letter-spacing:-0.02em;line-height:32px;color:#41637e;font-family:sans-serif\" align=\"left\"><img style=\"border:0;display:block;max-width:325px\" src=\"http://granliga.com/static/img/logos/3.png\" alt=\"\" width=\"217\" height=\"92\"></div></td></tr>\n      </tbody></table>\n      \n          <table style=\"border-collapse:collapse;border-spacing:0;font-size:1px;line-height:1px;background-color:#e9e9e9;Margin-left:auto;Margin-right:auto\" width=\"602\">\n            <tbody><tr><td style=\"padding:0;vertical-align:top\">​</td></tr>\n          </tbody></table>\n        \n          <table style=\"border-collapse:collapse;border-spacing:0;Margin-left:auto;Margin-right:auto\">\n            <tbody><tr>\n              <td style=\"padding:0;vertical-align:top;font-size:1px;line-height:1px;background-color:#e9e9e9;width:1px\">​</td>\n              <td style=\"padding:0;vertical-align:top\">\n                <table style=\"border-collapse:collapse;border-spacing:0;Margin-left:auto;Margin-right:auto;width:600px;background-color:#ffffff;font-size:14px\">\n                  <tbody><tr>\n                    <td style=\"padding:0;vertical-align:top;text-align:left\">\n                      \n              <div style=\"font-size:12px;Margin-bottom:24px;color:#565656;font-family:Georgia,serif\" align=\"center\">\n                <img style=\"border:0;display:block;max-width:128px\" src=\"http://i1.createsend1.com/ei/t/60/9F3/20E/004835/csfinal/1422560508_soccer_5.png\" alt=\"\" width=\"128\" height=\"128\">\n              </div>\n            \n                        <table style=\"border-collapse:collapse;border-spacing:0;width:100%\">\n                          <tbody><tr>\n                            <td style=\"padding:0;vertical-align:top;padding-left:32px;padding-right:32px\">\n                              \n            <h1 style=\"Margin-top:0;color:#565656;font-weight:700;font-size:36px;Margin-bottom:18px;font-family:sans-serif;line-height:42px\">barovero@gmail.com,</h1><p style=\"Margin-top:0;color:#565656;font-family:Georgia,serif;font-size:16px;line-height:25px;Margin-bottom:25px\">Nicolás Alejo Reynoso, responsable del equipo &quot;<strong style=\"font-weight:bold\">River Plate</strong>&quot;<strong style=\"font-weight:bold\">, </strong>te invita a que formes parte del equipo!!!</p><p style=\"Margin-top:0;color:#565656;font-family:Georgia,serif;font-size:16px;line-height:25px;Margin-bottom:25px\">El próximo 01/04/2015 está iniciando el torneo <strong style=\"font-weight:bold\">El torneo de tu vida</strong> en La mejor cancha de tu vida, en Heredia 550, Capital Federal, Buenos Aires. </p><p style=\"Margin-top:0;color:#565656;font-family:Georgia,serif;font-size:16px;line-height:25px;Margin-bottom:25px\">Se trata de un torneo del formato todos contra todos, que se disputará los días Martes mayormente (puede haber algún cambio de días, preavisados).</p><p style=\"Margin-top:0;color:#565656;font-family:Georgia,serif;font-size:16px;line-height:25px;Margin-bottom:25px\">Si quieres formar parte del equipo <strong style=\"font-weight:bold\">&quot;River Plate&quot;</strong> haz click en <a style=\"text-decoration:underline;color:#41637e\" href=\"http://127.0.0.1:5001/user/registration/TktDb0p1SWlRMFBWei9sOGJnYVZ0d0hNVXY3YUpqdFN3MTg2dXEraEFSNXV0Qkd1RklPSGhMTys2dDJPTmVDVTdmakQ0SEtRZFQvZ0ZwTzM0eFN3OFE9PQ==/accept?next_url=/link/VCs0MFJvZDEyd01aZGtndS85YmZtalcwRC91T1ZOWVU1MG5MU2swRHVDaTkxMFgrOExkTVU2ckppL1JIZG1Jak9WM2VDOENvVkwrMGVuNnBIUmQ4WlE9PQ==/accept\" target=\"_blank\">acepto formar parte del equipo</a>.</p><p style=\"Margin-top:0;color:#565656;font-family:Georgia,serif;font-size:16px;line-height:25px;Margin-bottom:25px\">Por otro lado, si no deseas o no puedes formar parte de <strong style=\"font-weight:bold\">&quot;River Plate&quot;</strong>, por favor haz click en <a style=\"text-decoration:underline;color:#41637e\" href=\"http://127.0.0.1:5001/user/registration/TktDb0p1SWlRMFBWei9sOGJnYVZ0d0hNVXY3YUpqdFN3MTg2dXEraEFSNXV0Qkd1RklPSGhMTys2dDJPTmVDVTdmakQ0SEtRZFQvZ0ZwTzM0eFN3OFE9PQ==/reject?next_url=/link/VCs0MFJvZDEyd01aZGtndS85YmZtalcwRC91T1ZOWVU1MG5MU2swRHVDaTkxMFgrOExkTVU2ckppL1JIZG1Jak9WM2VDOENvVkwrMGVuNnBIUmQ4WlE9PQ==/reject\" target=\"_blank\">NO acepto formar parte del equipo\n</a>.</p><p style=\"Margin-top:0;color:#565656;font-family:Georgia,serif;font-size:16px;line-height:25px;Margin-bottom:25px\">Pasadas 48hs de recibido este aviso la solicitud quedará sin efecto.</p><p style=\"Margin-top:0;color:#565656;font-family:Georgia,serif;font-size:16px;line-height:25px;Margin-bottom:25px\"> </p>\n          \n                            </td>\n                          </tr>\n                        </tbody></table>\n                      \n                        <table style=\"border-collapse:collapse;border-spacing:0;width:100%\">\n                          <tbody><tr>\n                            <td style=\"padding:0;vertical-align:top;padding-left:32px;padding-right:32px\">\n                              \n            <table style=\"border-collapse:collapse;border-spacing:0;width:100%\"><tbody><tr><td style=\"padding:0;vertical-align:top;padding-bottom:24px\" align=\"center\">\n              <table style=\"border-collapse:collapse;border-spacing:0;background-color:#e9e9e9;font-size:2px;line-height:2px;width:60px\">\n                <tbody><tr><td style=\"padding:0;vertical-align:top\"> </td></tr>\n              </tbody></table>\n            </td></tr></tbody></table>\n          \n                            </td>\n                          </tr>\n                        </tbody></table>\n                      \n                        <table style=\"border-collapse:collapse;border-spacing:0;width:100%\">\n                          <tbody><tr>\n                            <td style=\"padding:0;vertical-align:top;padding-left:32px;padding-right:32px\">\n                              \n            <p style=\"Margin-top:0;color:#565656;font-family:Georgia,serif;font-size:16px;line-height:25px;Margin-bottom:25px\"><a href=\"http://granliga.com\" target=\"_blank\">granliga.com</a> (R) es un gestor integral de torneos de fútbol.<br>\nTe invitamos a <a style=\"text-decoration:underline;color:#41637e\" href=\"http://www.granliga.com\" target=\"_blank\">www.granliga.com</a>  para que conozcas más</p><p style=\"Margin-top:0;color:#565656;font-family:Georgia,serif;font-size:16px;line-height:25px;Margin-bottom:24px\"> </p>\n          \n                            </td>\n                          </tr>\n                        </tbody></table>\n                      \n                      <div style=\"font-size:8px;line-height:8px\"> </div>\n                    </td>\n                  </tr>\n                </tbody></table>\n              </td>\n              <td style=\"padding:0;vertical-align:top;font-size:1px;line-height:1px;background-color:#e9e9e9;width:1px\">​</td>\n            </tr>\n          </tbody></table>\n        \n          <table style=\"border-collapse:collapse;border-spacing:0;font-size:1px;line-height:1px;background-color:#e9e9e9;Margin-left:auto;Margin-right:auto\" width=\"602\">\n            <tbody><tr><td style=\"padding:0;vertical-align:top\">​</td></tr>\n          </tbody></table>\n\n      </tbody></table>\n    </center>\n  <img style=\"border:0!important;height:1px!important;width:1px!important;margin:0!important;padding:0!important\" src=\"http://createsend1.com/t/t-o-tyutijl-l/o.gif\" width=\"1\" height=\"1\" border=\"0\" alt=\"\">\n\n<div></div>\n\n\n\n\n</div>\n</body></html>',NULL,NULL),(12,8,'[\"2\", \"nicolas.reynoso@gmail.com\", \"Nicol\\u00e1s Alejo Reynoso\"]','[[\"8\", \"carlos@gmail.com\", \" \"]]','Solicitud jugador en el equipo River Plate','<!DOCTYPE HTML PUBLIC \"-//W3C//DTD HTML 4.01 Transitional//EN\"><html><head><META http-equiv=\"Content-Type\" content=\"text/html; charset=utf-8\"></head><body>\n\n    \n    \n    \n    \n  \n\n\n\n  <div style=\"margin:0;padding:0;min-width:100%;background-color:#fbfbfb\">\n    <center style=\"display:table;table-layout:fixed;width:100%;min-width:620px;background-color:#fbfbfb\">\n      <table style=\"border-collapse:collapse;border-spacing:0;width:650px;min-width:650px\"><tbody><tr><td style=\"padding:0;vertical-align:top;font-size:1px;line-height:1px\"> </td></tr></tbody></table>\n      <table style=\"border-collapse:collapse;border-spacing:0;Margin-left:auto;Margin-right:auto\">\n        <tbody><tr>\n          <td style=\"padding:0;vertical-align:top\">\n            <table style=\"border-collapse:collapse;border-spacing:0;width:602px\">\n              <tbody><tr>\n                \n                <td style=\"padding:0;vertical-align:top;padding-top:10px;padding-bottom:12px;font-size:12px;line-height:21px;text-align:right;width:300px;color:#999;font-family:Georgia,serif\">\n                  No ves las Imágenes? <a style=\"text-decoration:none;color:#999;font-weight:bold\" href=\"#\" target=\"_blank\">Hacé click aquí</a>\n                </td>\n              </tr>\n            </tbody></table>\n          </td>\n        </tr>\n      </tbody></table>\n      <table style=\"border-collapse:collapse;border-spacing:0;Margin-left:auto;Margin-right:auto;width:602px\">\n        <tbody><tr><td style=\"padding:0;vertical-align:top;font-size:1px;line-height:1px;background-color:#e9e9e9;width:1px\"> </td></tr>\n        <tr><td style=\"padding:32px 0;vertical-align:top\"><div style=\"font-size:26px;font-weight:700;letter-spacing:-0.02em;line-height:32px;color:#41637e;font-family:sans-serif\" align=\"left\"><img style=\"border:0;display:block;max-width:325px\" src=\"http://granliga.com/static/img/logos/3.png\" alt=\"\" width=\"217\" height=\"92\"></div></td></tr>\n      </tbody></table>\n      \n          <table style=\"border-collapse:collapse;border-spacing:0;font-size:1px;line-height:1px;background-color:#e9e9e9;Margin-left:auto;Margin-right:auto\" width=\"602\">\n            <tbody><tr><td style=\"padding:0;vertical-align:top\">​</td></tr>\n          </tbody></table>\n        \n          <table style=\"border-collapse:collapse;border-spacing:0;Margin-left:auto;Margin-right:auto\">\n            <tbody><tr>\n              <td style=\"padding:0;vertical-align:top;font-size:1px;line-height:1px;background-color:#e9e9e9;width:1px\">​</td>\n              <td style=\"padding:0;vertical-align:top\">\n                <table style=\"border-collapse:collapse;border-spacing:0;Margin-left:auto;Margin-right:auto;width:600px;background-color:#ffffff;font-size:14px\">\n                  <tbody><tr>\n                    <td style=\"padding:0;vertical-align:top;text-align:left\">\n                      \n              <div style=\"font-size:12px;Margin-bottom:24px;color:#565656;font-family:Georgia,serif\" align=\"center\">\n                <img style=\"border:0;display:block;max-width:128px\" src=\"http://i1.createsend1.com/ei/t/60/9F3/20E/004835/csfinal/1422560508_soccer_5.png\" alt=\"\" width=\"128\" height=\"128\">\n              </div>\n            \n                        <table style=\"border-collapse:collapse;border-spacing:0;width:100%\">\n                          <tbody><tr>\n                            <td style=\"padding:0;vertical-align:top;padding-left:32px;padding-right:32px\">\n                              \n            <h1 style=\"Margin-top:0;color:#565656;font-weight:700;font-size:36px;Margin-bottom:18px;font-family:sans-serif;line-height:42px\">carlos@gmail.com,</h1><p style=\"Margin-top:0;color:#565656;font-family:Georgia,serif;font-size:16px;line-height:25px;Margin-bottom:25px\">Nicolás Alejo Reynoso, responsable del equipo &quot;<strong style=\"font-weight:bold\">River Plate</strong>&quot;<strong style=\"font-weight:bold\">, </strong>te invita a que formes parte del equipo!!!</p><p style=\"Margin-top:0;color:#565656;font-family:Georgia,serif;font-size:16px;line-height:25px;Margin-bottom:25px\">El próximo 01/04/2015 está iniciando el torneo <strong style=\"font-weight:bold\">El torneo de tu vida</strong> en La mejor cancha de tu vida, en Heredia 550, Capital Federal, Buenos Aires. </p><p style=\"Margin-top:0;color:#565656;font-family:Georgia,serif;font-size:16px;line-height:25px;Margin-bottom:25px\">Se trata de un torneo del formato todos contra todos, que se disputará los días Martes mayormente (puede haber algún cambio de días, preavisados).</p><p style=\"Margin-top:0;color:#565656;font-family:Georgia,serif;font-size:16px;line-height:25px;Margin-bottom:25px\">Si quieres formar parte del equipo <strong style=\"font-weight:bold\">&quot;River Plate&quot;</strong> haz click en <a style=\"text-decoration:underline;color:#41637e\" href=\"http://127.0.0.1:5001/user/registration/dVFzV0lEcFd5YzJvS2xNYXhmNjZTU0kxMnRCcUJFSks5OFVFL2FmR3BlNnM4ZUYzOGZUS0VPenY5SExNbzBHa1oycG04QmZELytIcHJuTFZya05ZNmc9PQ==/accept?next_url=/link/eFZ6bWlEZDdqQzVSa0N1dFlEUnZtUUR3T1Z0NkFvUHFQazhaVTQyL0V6N1ZDc3dITG1HNnhITXYzcFZ0SVROSXFSNVpJOVJjbDBBckF6V0E4T1lHcEE9PQ==/accept\" target=\"_blank\">acepto formar parte del equipo</a>.</p><p style=\"Margin-top:0;color:#565656;font-family:Georgia,serif;font-size:16px;line-height:25px;Margin-bottom:25px\">Por otro lado, si no deseas o no puedes formar parte de <strong style=\"font-weight:bold\">&quot;River Plate&quot;</strong>, por favor haz click en <a style=\"text-decoration:underline;color:#41637e\" href=\"http://127.0.0.1:5001/user/registration/dVFzV0lEcFd5YzJvS2xNYXhmNjZTU0kxMnRCcUJFSks5OFVFL2FmR3BlNnM4ZUYzOGZUS0VPenY5SExNbzBHa1oycG04QmZELytIcHJuTFZya05ZNmc9PQ==/reject?next_url=/link/eFZ6bWlEZDdqQzVSa0N1dFlEUnZtUUR3T1Z0NkFvUHFQazhaVTQyL0V6N1ZDc3dITG1HNnhITXYzcFZ0SVROSXFSNVpJOVJjbDBBckF6V0E4T1lHcEE9PQ==/reject\" target=\"_blank\">NO acepto formar parte del equipo\n</a>.</p><p style=\"Margin-top:0;color:#565656;font-family:Georgia,serif;font-size:16px;line-height:25px;Margin-bottom:25px\">Pasadas 48hs de recibido este aviso la solicitud quedará sin efecto.</p><p style=\"Margin-top:0;color:#565656;font-family:Georgia,serif;font-size:16px;line-height:25px;Margin-bottom:25px\"> </p>\n          \n                            </td>\n                          </tr>\n                        </tbody></table>\n                      \n                        <table style=\"border-collapse:collapse;border-spacing:0;width:100%\">\n                          <tbody><tr>\n                            <td style=\"padding:0;vertical-align:top;padding-left:32px;padding-right:32px\">\n                              \n            <table style=\"border-collapse:collapse;border-spacing:0;width:100%\"><tbody><tr><td style=\"padding:0;vertical-align:top;padding-bottom:24px\" align=\"center\">\n              <table style=\"border-collapse:collapse;border-spacing:0;background-color:#e9e9e9;font-size:2px;line-height:2px;width:60px\">\n                <tbody><tr><td style=\"padding:0;vertical-align:top\"> </td></tr>\n              </tbody></table>\n            </td></tr></tbody></table>\n          \n                            </td>\n                          </tr>\n                        </tbody></table>\n                      \n                        <table style=\"border-collapse:collapse;border-spacing:0;width:100%\">\n                          <tbody><tr>\n                            <td style=\"padding:0;vertical-align:top;padding-left:32px;padding-right:32px\">\n                              \n            <p style=\"Margin-top:0;color:#565656;font-family:Georgia,serif;font-size:16px;line-height:25px;Margin-bottom:25px\"><a href=\"http://granliga.com\" target=\"_blank\">granliga.com</a> (R) es un gestor integral de torneos de fútbol.<br>\nTe invitamos a <a style=\"text-decoration:underline;color:#41637e\" href=\"http://www.granliga.com\" target=\"_blank\">www.granliga.com</a>  para que conozcas más</p><p style=\"Margin-top:0;color:#565656;font-family:Georgia,serif;font-size:16px;line-height:25px;Margin-bottom:24px\"> </p>\n          \n                            </td>\n                          </tr>\n                        </tbody></table>\n                      \n                      <div style=\"font-size:8px;line-height:8px\"> </div>\n                    </td>\n                  </tr>\n                </tbody></table>\n              </td>\n              <td style=\"padding:0;vertical-align:top;font-size:1px;line-height:1px;background-color:#e9e9e9;width:1px\">​</td>\n            </tr>\n          </tbody></table>\n        \n          <table style=\"border-collapse:collapse;border-spacing:0;font-size:1px;line-height:1px;background-color:#e9e9e9;Margin-left:auto;Margin-right:auto\" width=\"602\">\n            <tbody><tr><td style=\"padding:0;vertical-align:top\">​</td></tr>\n          </tbody></table>\n\n      </tbody></table>\n    </center>\n  <img style=\"border:0!important;height:1px!important;width:1px!important;margin:0!important;padding:0!important\" src=\"http://createsend1.com/t/t-o-tyutijl-l/o.gif\" width=\"1\" height=\"1\" border=\"0\" alt=\"\">\n\n<div></div>\n\n\n\n\n</div>\n</body></html>',NULL,NULL),(13,9,'[\"2\", \"nicolas.reynoso@gmail.com\", \"Nicol\\u00e1s Alejo Reynoso\"]','[[\"9\", \"pedro@gmail.com\", \" \"]]','Solicitud jugador en el equipo River Plate','<!DOCTYPE HTML PUBLIC \"-//W3C//DTD HTML 4.01 Transitional//EN\"><html><head><META http-equiv=\"Content-Type\" content=\"text/html; charset=utf-8\"></head><body>\n\n    \n    \n    \n    \n  \n\n\n\n  <div style=\"margin:0;padding:0;min-width:100%;background-color:#fbfbfb\">\n    <center style=\"display:table;table-layout:fixed;width:100%;min-width:620px;background-color:#fbfbfb\">\n      <table style=\"border-collapse:collapse;border-spacing:0;width:650px;min-width:650px\"><tbody><tr><td style=\"padding:0;vertical-align:top;font-size:1px;line-height:1px\"> </td></tr></tbody></table>\n      <table style=\"border-collapse:collapse;border-spacing:0;Margin-left:auto;Margin-right:auto\">\n        <tbody><tr>\n          <td style=\"padding:0;vertical-align:top\">\n            <table style=\"border-collapse:collapse;border-spacing:0;width:602px\">\n              <tbody><tr>\n                \n                <td style=\"padding:0;vertical-align:top;padding-top:10px;padding-bottom:12px;font-size:12px;line-height:21px;text-align:right;width:300px;color:#999;font-family:Georgia,serif\">\n                  No ves las Imágenes? <a style=\"text-decoration:none;color:#999;font-weight:bold\" href=\"#\" target=\"_blank\">Hacé click aquí</a>\n                </td>\n              </tr>\n            </tbody></table>\n          </td>\n        </tr>\n      </tbody></table>\n      <table style=\"border-collapse:collapse;border-spacing:0;Margin-left:auto;Margin-right:auto;width:602px\">\n        <tbody><tr><td style=\"padding:0;vertical-align:top;font-size:1px;line-height:1px;background-color:#e9e9e9;width:1px\"> </td></tr>\n        <tr><td style=\"padding:32px 0;vertical-align:top\"><div style=\"font-size:26px;font-weight:700;letter-spacing:-0.02em;line-height:32px;color:#41637e;font-family:sans-serif\" align=\"left\"><img style=\"border:0;display:block;max-width:325px\" src=\"http://granliga.com/static/img/logos/3.png\" alt=\"\" width=\"217\" height=\"92\"></div></td></tr>\n      </tbody></table>\n      \n          <table style=\"border-collapse:collapse;border-spacing:0;font-size:1px;line-height:1px;background-color:#e9e9e9;Margin-left:auto;Margin-right:auto\" width=\"602\">\n            <tbody><tr><td style=\"padding:0;vertical-align:top\">​</td></tr>\n          </tbody></table>\n        \n          <table style=\"border-collapse:collapse;border-spacing:0;Margin-left:auto;Margin-right:auto\">\n            <tbody><tr>\n              <td style=\"padding:0;vertical-align:top;font-size:1px;line-height:1px;background-color:#e9e9e9;width:1px\">​</td>\n              <td style=\"padding:0;vertical-align:top\">\n                <table style=\"border-collapse:collapse;border-spacing:0;Margin-left:auto;Margin-right:auto;width:600px;background-color:#ffffff;font-size:14px\">\n                  <tbody><tr>\n                    <td style=\"padding:0;vertical-align:top;text-align:left\">\n                      \n              <div style=\"font-size:12px;Margin-bottom:24px;color:#565656;font-family:Georgia,serif\" align=\"center\">\n                <img style=\"border:0;display:block;max-width:128px\" src=\"http://i1.createsend1.com/ei/t/60/9F3/20E/004835/csfinal/1422560508_soccer_5.png\" alt=\"\" width=\"128\" height=\"128\">\n              </div>\n            \n                        <table style=\"border-collapse:collapse;border-spacing:0;width:100%\">\n                          <tbody><tr>\n                            <td style=\"padding:0;vertical-align:top;padding-left:32px;padding-right:32px\">\n                              \n            <h1 style=\"Margin-top:0;color:#565656;font-weight:700;font-size:36px;Margin-bottom:18px;font-family:sans-serif;line-height:42px\">pedro@gmail.com,</h1><p style=\"Margin-top:0;color:#565656;font-family:Georgia,serif;font-size:16px;line-height:25px;Margin-bottom:25px\">Nicolás Alejo Reynoso, responsable del equipo &quot;<strong style=\"font-weight:bold\">River Plate</strong>&quot;<strong style=\"font-weight:bold\">, </strong>te invita a que formes parte del equipo!!!</p><p style=\"Margin-top:0;color:#565656;font-family:Georgia,serif;font-size:16px;line-height:25px;Margin-bottom:25px\">El próximo 01/04/2015 está iniciando el torneo <strong style=\"font-weight:bold\">El torneo de tu vida</strong> en La mejor cancha de tu vida, en Heredia 550, Capital Federal, Buenos Aires. </p><p style=\"Margin-top:0;color:#565656;font-family:Georgia,serif;font-size:16px;line-height:25px;Margin-bottom:25px\">Se trata de un torneo del formato todos contra todos, que se disputará los días Martes mayormente (puede haber algún cambio de días, preavisados).</p><p style=\"Margin-top:0;color:#565656;font-family:Georgia,serif;font-size:16px;line-height:25px;Margin-bottom:25px\">Si quieres formar parte del equipo <strong style=\"font-weight:bold\">&quot;River Plate&quot;</strong> haz click en <a style=\"text-decoration:underline;color:#41637e\" href=\"http://127.0.0.1:5001/user/registration/VzdsbmM5b1BiVmNQWWV5Qk5jaXpXQXhLUTNyeVVQNHZpcTNWNThxYTEyeTNsWS9OWGlLcXBrQ3V4WGcxUGR1b0dWMEIrZkx6OFh0RWVKZUVPQjM1NXc9PQ==/accept?next_url=/link/RmM3dzN6aFhSOUpDU2draFZMMVgzT2RuZnVIaWl5andiQVFteG9BV3hRQXNqaHRocWJhUERDaytXeXZ1bDBCNkM2T0NMMklTZWJiTlpGcldYZUY2NEE9PQ==/accept\" target=\"_blank\">acepto formar parte del equipo</a>.</p><p style=\"Margin-top:0;color:#565656;font-family:Georgia,serif;font-size:16px;line-height:25px;Margin-bottom:25px\">Por otro lado, si no deseas o no puedes formar parte de <strong style=\"font-weight:bold\">&quot;River Plate&quot;</strong>, por favor haz click en <a style=\"text-decoration:underline;color:#41637e\" href=\"http://127.0.0.1:5001/user/registration/VzdsbmM5b1BiVmNQWWV5Qk5jaXpXQXhLUTNyeVVQNHZpcTNWNThxYTEyeTNsWS9OWGlLcXBrQ3V4WGcxUGR1b0dWMEIrZkx6OFh0RWVKZUVPQjM1NXc9PQ==/reject?next_url=/link/RmM3dzN6aFhSOUpDU2draFZMMVgzT2RuZnVIaWl5andiQVFteG9BV3hRQXNqaHRocWJhUERDaytXeXZ1bDBCNkM2T0NMMklTZWJiTlpGcldYZUY2NEE9PQ==/reject\" target=\"_blank\">NO acepto formar parte del equipo\n</a>.</p><p style=\"Margin-top:0;color:#565656;font-family:Georgia,serif;font-size:16px;line-height:25px;Margin-bottom:25px\">Pasadas 48hs de recibido este aviso la solicitud quedará sin efecto.</p><p style=\"Margin-top:0;color:#565656;font-family:Georgia,serif;font-size:16px;line-height:25px;Margin-bottom:25px\"> </p>\n          \n                            </td>\n                          </tr>\n                        </tbody></table>\n                      \n                        <table style=\"border-collapse:collapse;border-spacing:0;width:100%\">\n                          <tbody><tr>\n                            <td style=\"padding:0;vertical-align:top;padding-left:32px;padding-right:32px\">\n                              \n            <table style=\"border-collapse:collapse;border-spacing:0;width:100%\"><tbody><tr><td style=\"padding:0;vertical-align:top;padding-bottom:24px\" align=\"center\">\n              <table style=\"border-collapse:collapse;border-spacing:0;background-color:#e9e9e9;font-size:2px;line-height:2px;width:60px\">\n                <tbody><tr><td style=\"padding:0;vertical-align:top\"> </td></tr>\n              </tbody></table>\n            </td></tr></tbody></table>\n          \n                            </td>\n                          </tr>\n                        </tbody></table>\n                      \n                        <table style=\"border-collapse:collapse;border-spacing:0;width:100%\">\n                          <tbody><tr>\n                            <td style=\"padding:0;vertical-align:top;padding-left:32px;padding-right:32px\">\n                              \n            <p style=\"Margin-top:0;color:#565656;font-family:Georgia,serif;font-size:16px;line-height:25px;Margin-bottom:25px\"><a href=\"http://granliga.com\" target=\"_blank\">granliga.com</a> (R) es un gestor integral de torneos de fútbol.<br>\nTe invitamos a <a style=\"text-decoration:underline;color:#41637e\" href=\"http://www.granliga.com\" target=\"_blank\">www.granliga.com</a>  para que conozcas más</p><p style=\"Margin-top:0;color:#565656;font-family:Georgia,serif;font-size:16px;line-height:25px;Margin-bottom:24px\"> </p>\n          \n                            </td>\n                          </tr>\n                        </tbody></table>\n                      \n                      <div style=\"font-size:8px;line-height:8px\"> </div>\n                    </td>\n                  </tr>\n                </tbody></table>\n              </td>\n              <td style=\"padding:0;vertical-align:top;font-size:1px;line-height:1px;background-color:#e9e9e9;width:1px\">​</td>\n            </tr>\n          </tbody></table>\n        \n          <table style=\"border-collapse:collapse;border-spacing:0;font-size:1px;line-height:1px;background-color:#e9e9e9;Margin-left:auto;Margin-right:auto\" width=\"602\">\n            <tbody><tr><td style=\"padding:0;vertical-align:top\">​</td></tr>\n          </tbody></table>\n\n      </tbody></table>\n    </center>\n  <img style=\"border:0!important;height:1px!important;width:1px!important;margin:0!important;padding:0!important\" src=\"http://createsend1.com/t/t-o-tyutijl-l/o.gif\" width=\"1\" height=\"1\" border=\"0\" alt=\"\">\n\n<div></div>\n\n\n\n\n</div>\n</body></html>',NULL,NULL),(14,10,'[\"2\", \"nicolas.reynoso@gmail.com\", \"Nicol\\u00e1s Alejo Reynoso\"]','[[\"10\", \"guinta@gmail.com\", \" \"]]','Solicitud jugador en el equipo Boca Juniors','<!DOCTYPE HTML PUBLIC \"-//W3C//DTD HTML 4.01 Transitional//EN\"><html><head><META http-equiv=\"Content-Type\" content=\"text/html; charset=utf-8\"></head><body>\n\n    \n    \n    \n    \n  \n\n\n\n  <div style=\"margin:0;padding:0;min-width:100%;background-color:#fbfbfb\">\n    <center style=\"display:table;table-layout:fixed;width:100%;min-width:620px;background-color:#fbfbfb\">\n      <table style=\"border-collapse:collapse;border-spacing:0;width:650px;min-width:650px\"><tbody><tr><td style=\"padding:0;vertical-align:top;font-size:1px;line-height:1px\"> </td></tr></tbody></table>\n      <table style=\"border-collapse:collapse;border-spacing:0;Margin-left:auto;Margin-right:auto\">\n        <tbody><tr>\n          <td style=\"padding:0;vertical-align:top\">\n            <table style=\"border-collapse:collapse;border-spacing:0;width:602px\">\n              <tbody><tr>\n                \n                <td style=\"padding:0;vertical-align:top;padding-top:10px;padding-bottom:12px;font-size:12px;line-height:21px;text-align:right;width:300px;color:#999;font-family:Georgia,serif\">\n                  No ves las Imágenes? <a style=\"text-decoration:none;color:#999;font-weight:bold\" href=\"#\" target=\"_blank\">Hacé click aquí</a>\n                </td>\n              </tr>\n            </tbody></table>\n          </td>\n        </tr>\n      </tbody></table>\n      <table style=\"border-collapse:collapse;border-spacing:0;Margin-left:auto;Margin-right:auto;width:602px\">\n        <tbody><tr><td style=\"padding:0;vertical-align:top;font-size:1px;line-height:1px;background-color:#e9e9e9;width:1px\"> </td></tr>\n        <tr><td style=\"padding:32px 0;vertical-align:top\"><div style=\"font-size:26px;font-weight:700;letter-spacing:-0.02em;line-height:32px;color:#41637e;font-family:sans-serif\" align=\"left\"><img style=\"border:0;display:block;max-width:325px\" src=\"http://granliga.com/static/img/logos/3.png\" alt=\"\" width=\"217\" height=\"92\"></div></td></tr>\n      </tbody></table>\n      \n          <table style=\"border-collapse:collapse;border-spacing:0;font-size:1px;line-height:1px;background-color:#e9e9e9;Margin-left:auto;Margin-right:auto\" width=\"602\">\n            <tbody><tr><td style=\"padding:0;vertical-align:top\">​</td></tr>\n          </tbody></table>\n        \n          <table style=\"border-collapse:collapse;border-spacing:0;Margin-left:auto;Margin-right:auto\">\n            <tbody><tr>\n              <td style=\"padding:0;vertical-align:top;font-size:1px;line-height:1px;background-color:#e9e9e9;width:1px\">​</td>\n              <td style=\"padding:0;vertical-align:top\">\n                <table style=\"border-collapse:collapse;border-spacing:0;Margin-left:auto;Margin-right:auto;width:600px;background-color:#ffffff;font-size:14px\">\n                  <tbody><tr>\n                    <td style=\"padding:0;vertical-align:top;text-align:left\">\n                      \n              <div style=\"font-size:12px;Margin-bottom:24px;color:#565656;font-family:Georgia,serif\" align=\"center\">\n                <img style=\"border:0;display:block;max-width:128px\" src=\"http://i1.createsend1.com/ei/t/60/9F3/20E/004835/csfinal/1422560508_soccer_5.png\" alt=\"\" width=\"128\" height=\"128\">\n              </div>\n            \n                        <table style=\"border-collapse:collapse;border-spacing:0;width:100%\">\n                          <tbody><tr>\n                            <td style=\"padding:0;vertical-align:top;padding-left:32px;padding-right:32px\">\n                              \n            <h1 style=\"Margin-top:0;color:#565656;font-weight:700;font-size:36px;Margin-bottom:18px;font-family:sans-serif;line-height:42px\">guinta@gmail.com,</h1><p style=\"Margin-top:0;color:#565656;font-family:Georgia,serif;font-size:16px;line-height:25px;Margin-bottom:25px\">Nicolás Alejo Reynoso, responsable del equipo &quot;<strong style=\"font-weight:bold\">Boca Juniors</strong>&quot;<strong style=\"font-weight:bold\">, </strong>te invita a que formes parte del equipo!!!</p><p style=\"Margin-top:0;color:#565656;font-family:Georgia,serif;font-size:16px;line-height:25px;Margin-bottom:25px\">El próximo 01/04/2015 está iniciando el torneo <strong style=\"font-weight:bold\">El torneo de tu vida</strong> en La mejor cancha de tu vida, en Heredia 550, Capital Federal, Buenos Aires. </p><p style=\"Margin-top:0;color:#565656;font-family:Georgia,serif;font-size:16px;line-height:25px;Margin-bottom:25px\">Se trata de un torneo del formato todos contra todos, que se disputará los días Martes mayormente (puede haber algún cambio de días, preavisados).</p><p style=\"Margin-top:0;color:#565656;font-family:Georgia,serif;font-size:16px;line-height:25px;Margin-bottom:25px\">Si quieres formar parte del equipo <strong style=\"font-weight:bold\">&quot;Boca Juniors&quot;</strong> haz click en <a style=\"text-decoration:underline;color:#41637e\" href=\"http://127.0.0.1:5001/user/registration/bWFKZDcxUlFQL0dKY1FBa3JrUU1Mam9JckFkZzNvbjFpT1NaZzBhOHpJK1RONVFaZ2t6SjkzeXAvNWFoYnlXRXZsSkpFbmNvUDhwa0Zaa3djd2xvOVE9PQ==/accept?next_url=/link/NHVYcFg0NkZlQ21ORlp4eE91UTZRdW5Rcld0a2VEUk00VS9sQ0pxN2VVeFlYMXJMTnFSVC9LNnNxQW16VVhOdTcvUk5vQkxvQXhINHpFZTRpZUR5anc9PQ==/accept\" target=\"_blank\">acepto formar parte del equipo</a>.</p><p style=\"Margin-top:0;color:#565656;font-family:Georgia,serif;font-size:16px;line-height:25px;Margin-bottom:25px\">Por otro lado, si no deseas o no puedes formar parte de <strong style=\"font-weight:bold\">&quot;Boca Juniors&quot;</strong>, por favor haz click en <a style=\"text-decoration:underline;color:#41637e\" href=\"http://127.0.0.1:5001/user/registration/bWFKZDcxUlFQL0dKY1FBa3JrUU1Mam9JckFkZzNvbjFpT1NaZzBhOHpJK1RONVFaZ2t6SjkzeXAvNWFoYnlXRXZsSkpFbmNvUDhwa0Zaa3djd2xvOVE9PQ==/reject?next_url=/link/NHVYcFg0NkZlQ21ORlp4eE91UTZRdW5Rcld0a2VEUk00VS9sQ0pxN2VVeFlYMXJMTnFSVC9LNnNxQW16VVhOdTcvUk5vQkxvQXhINHpFZTRpZUR5anc9PQ==/reject\" target=\"_blank\">NO acepto formar parte del equipo\n</a>.</p><p style=\"Margin-top:0;color:#565656;font-family:Georgia,serif;font-size:16px;line-height:25px;Margin-bottom:25px\">Pasadas 48hs de recibido este aviso la solicitud quedará sin efecto.</p><p style=\"Margin-top:0;color:#565656;font-family:Georgia,serif;font-size:16px;line-height:25px;Margin-bottom:25px\"> </p>\n          \n                            </td>\n                          </tr>\n                        </tbody></table>\n                      \n                        <table style=\"border-collapse:collapse;border-spacing:0;width:100%\">\n                          <tbody><tr>\n                            <td style=\"padding:0;vertical-align:top;padding-left:32px;padding-right:32px\">\n                              \n            <table style=\"border-collapse:collapse;border-spacing:0;width:100%\"><tbody><tr><td style=\"padding:0;vertical-align:top;padding-bottom:24px\" align=\"center\">\n              <table style=\"border-collapse:collapse;border-spacing:0;background-color:#e9e9e9;font-size:2px;line-height:2px;width:60px\">\n                <tbody><tr><td style=\"padding:0;vertical-align:top\"> </td></tr>\n              </tbody></table>\n            </td></tr></tbody></table>\n          \n                            </td>\n                          </tr>\n                        </tbody></table>\n                      \n                        <table style=\"border-collapse:collapse;border-spacing:0;width:100%\">\n                          <tbody><tr>\n                            <td style=\"padding:0;vertical-align:top;padding-left:32px;padding-right:32px\">\n                              \n            <p style=\"Margin-top:0;color:#565656;font-family:Georgia,serif;font-size:16px;line-height:25px;Margin-bottom:25px\"><a href=\"http://granliga.com\" target=\"_blank\">granliga.com</a> (R) es un gestor integral de torneos de fútbol.<br>\nTe invitamos a <a style=\"text-decoration:underline;color:#41637e\" href=\"http://www.granliga.com\" target=\"_blank\">www.granliga.com</a>  para que conozcas más</p><p style=\"Margin-top:0;color:#565656;font-family:Georgia,serif;font-size:16px;line-height:25px;Margin-bottom:24px\"> </p>\n          \n                            </td>\n                          </tr>\n                        </tbody></table>\n                      \n                      <div style=\"font-size:8px;line-height:8px\"> </div>\n                    </td>\n                  </tr>\n                </tbody></table>\n              </td>\n              <td style=\"padding:0;vertical-align:top;font-size:1px;line-height:1px;background-color:#e9e9e9;width:1px\">​</td>\n            </tr>\n          </tbody></table>\n        \n          <table style=\"border-collapse:collapse;border-spacing:0;font-size:1px;line-height:1px;background-color:#e9e9e9;Margin-left:auto;Margin-right:auto\" width=\"602\">\n            <tbody><tr><td style=\"padding:0;vertical-align:top\">​</td></tr>\n          </tbody></table>\n\n      </tbody></table>\n    </center>\n  <img style=\"border:0!important;height:1px!important;width:1px!important;margin:0!important;padding:0!important\" src=\"http://createsend1.com/t/t-o-tyutijl-l/o.gif\" width=\"1\" height=\"1\" border=\"0\" alt=\"\">\n\n<div></div>\n\n\n\n\n</div>\n</body></html>',NULL,NULL),(15,11,'[\"2\", \"nicolas.reynoso@gmail.com\", \"Nicol\\u00e1s Alejo Reynoso\"]','[[\"11\", \"sensini@gmail.com\", \" \"]]','Solicitud jugador en el equipo Boca Juniors','<!DOCTYPE HTML PUBLIC \"-//W3C//DTD HTML 4.01 Transitional//EN\"><html><head><META http-equiv=\"Content-Type\" content=\"text/html; charset=utf-8\"></head><body>\n\n    \n    \n    \n    \n  \n\n\n\n  <div style=\"margin:0;padding:0;min-width:100%;background-color:#fbfbfb\">\n    <center style=\"display:table;table-layout:fixed;width:100%;min-width:620px;background-color:#fbfbfb\">\n      <table style=\"border-collapse:collapse;border-spacing:0;width:650px;min-width:650px\"><tbody><tr><td style=\"padding:0;vertical-align:top;font-size:1px;line-height:1px\"> </td></tr></tbody></table>\n      <table style=\"border-collapse:collapse;border-spacing:0;Margin-left:auto;Margin-right:auto\">\n        <tbody><tr>\n          <td style=\"padding:0;vertical-align:top\">\n            <table style=\"border-collapse:collapse;border-spacing:0;width:602px\">\n              <tbody><tr>\n                \n                <td style=\"padding:0;vertical-align:top;padding-top:10px;padding-bottom:12px;font-size:12px;line-height:21px;text-align:right;width:300px;color:#999;font-family:Georgia,serif\">\n                  No ves las Imágenes? <a style=\"text-decoration:none;color:#999;font-weight:bold\" href=\"#\" target=\"_blank\">Hacé click aquí</a>\n                </td>\n              </tr>\n            </tbody></table>\n          </td>\n        </tr>\n      </tbody></table>\n      <table style=\"border-collapse:collapse;border-spacing:0;Margin-left:auto;Margin-right:auto;width:602px\">\n        <tbody><tr><td style=\"padding:0;vertical-align:top;font-size:1px;line-height:1px;background-color:#e9e9e9;width:1px\"> </td></tr>\n        <tr><td style=\"padding:32px 0;vertical-align:top\"><div style=\"font-size:26px;font-weight:700;letter-spacing:-0.02em;line-height:32px;color:#41637e;font-family:sans-serif\" align=\"left\"><img style=\"border:0;display:block;max-width:325px\" src=\"http://granliga.com/static/img/logos/3.png\" alt=\"\" width=\"217\" height=\"92\"></div></td></tr>\n      </tbody></table>\n      \n          <table style=\"border-collapse:collapse;border-spacing:0;font-size:1px;line-height:1px;background-color:#e9e9e9;Margin-left:auto;Margin-right:auto\" width=\"602\">\n            <tbody><tr><td style=\"padding:0;vertical-align:top\">​</td></tr>\n          </tbody></table>\n        \n          <table style=\"border-collapse:collapse;border-spacing:0;Margin-left:auto;Margin-right:auto\">\n            <tbody><tr>\n              <td style=\"padding:0;vertical-align:top;font-size:1px;line-height:1px;background-color:#e9e9e9;width:1px\">​</td>\n              <td style=\"padding:0;vertical-align:top\">\n                <table style=\"border-collapse:collapse;border-spacing:0;Margin-left:auto;Margin-right:auto;width:600px;background-color:#ffffff;font-size:14px\">\n                  <tbody><tr>\n                    <td style=\"padding:0;vertical-align:top;text-align:left\">\n                      \n              <div style=\"font-size:12px;Margin-bottom:24px;color:#565656;font-family:Georgia,serif\" align=\"center\">\n                <img style=\"border:0;display:block;max-width:128px\" src=\"http://i1.createsend1.com/ei/t/60/9F3/20E/004835/csfinal/1422560508_soccer_5.png\" alt=\"\" width=\"128\" height=\"128\">\n              </div>\n            \n                        <table style=\"border-collapse:collapse;border-spacing:0;width:100%\">\n                          <tbody><tr>\n                            <td style=\"padding:0;vertical-align:top;padding-left:32px;padding-right:32px\">\n                              \n            <h1 style=\"Margin-top:0;color:#565656;font-weight:700;font-size:36px;Margin-bottom:18px;font-family:sans-serif;line-height:42px\">sensini@gmail.com,</h1><p style=\"Margin-top:0;color:#565656;font-family:Georgia,serif;font-size:16px;line-height:25px;Margin-bottom:25px\">Nicolás Alejo Reynoso, responsable del equipo &quot;<strong style=\"font-weight:bold\">Boca Juniors</strong>&quot;<strong style=\"font-weight:bold\">, </strong>te invita a que formes parte del equipo!!!</p><p style=\"Margin-top:0;color:#565656;font-family:Georgia,serif;font-size:16px;line-height:25px;Margin-bottom:25px\">El próximo 01/04/2015 está iniciando el torneo <strong style=\"font-weight:bold\">El torneo de tu vida</strong> en La mejor cancha de tu vida, en Heredia 550, Capital Federal, Buenos Aires. </p><p style=\"Margin-top:0;color:#565656;font-family:Georgia,serif;font-size:16px;line-height:25px;Margin-bottom:25px\">Se trata de un torneo del formato todos contra todos, que se disputará los días Martes mayormente (puede haber algún cambio de días, preavisados).</p><p style=\"Margin-top:0;color:#565656;font-family:Georgia,serif;font-size:16px;line-height:25px;Margin-bottom:25px\">Si quieres formar parte del equipo <strong style=\"font-weight:bold\">&quot;Boca Juniors&quot;</strong> haz click en <a style=\"text-decoration:underline;color:#41637e\" href=\"http://127.0.0.1:5001/user/registration/U1NkNkQ2UnNNVWFWaWJBSXRwZXJjcUI4MXpSUDdybEw2VDlHWW1Qc0xzM2ZHNVplbEc4d0F3RjJxWC9mTks3amVsRUpwZE40Y3dvdGlmb3dzT2lpWVE9PQ==/accept?next_url=/link/U0xvcjRtK2dMVldLb0JYY3NtVTlYQmN5R0Z3eVlOY2d0Nk96ZzM0VkVCZHZra1pRU3JLTFpGOUIwOEE0M05qdmNoeWsrcjJPTUk0VjN1citUcDRwNmc9PQ==/accept\" target=\"_blank\">acepto formar parte del equipo</a>.</p><p style=\"Margin-top:0;color:#565656;font-family:Georgia,serif;font-size:16px;line-height:25px;Margin-bottom:25px\">Por otro lado, si no deseas o no puedes formar parte de <strong style=\"font-weight:bold\">&quot;Boca Juniors&quot;</strong>, por favor haz click en <a style=\"text-decoration:underline;color:#41637e\" href=\"http://127.0.0.1:5001/user/registration/U1NkNkQ2UnNNVWFWaWJBSXRwZXJjcUI4MXpSUDdybEw2VDlHWW1Qc0xzM2ZHNVplbEc4d0F3RjJxWC9mTks3amVsRUpwZE40Y3dvdGlmb3dzT2lpWVE9PQ==/reject?next_url=/link/U0xvcjRtK2dMVldLb0JYY3NtVTlYQmN5R0Z3eVlOY2d0Nk96ZzM0VkVCZHZra1pRU3JLTFpGOUIwOEE0M05qdmNoeWsrcjJPTUk0VjN1citUcDRwNmc9PQ==/reject\" target=\"_blank\">NO acepto formar parte del equipo\n</a>.</p><p style=\"Margin-top:0;color:#565656;font-family:Georgia,serif;font-size:16px;line-height:25px;Margin-bottom:25px\">Pasadas 48hs de recibido este aviso la solicitud quedará sin efecto.</p><p style=\"Margin-top:0;color:#565656;font-family:Georgia,serif;font-size:16px;line-height:25px;Margin-bottom:25px\"> </p>\n          \n                            </td>\n                          </tr>\n                        </tbody></table>\n                      \n                        <table style=\"border-collapse:collapse;border-spacing:0;width:100%\">\n                          <tbody><tr>\n                            <td style=\"padding:0;vertical-align:top;padding-left:32px;padding-right:32px\">\n                              \n            <table style=\"border-collapse:collapse;border-spacing:0;width:100%\"><tbody><tr><td style=\"padding:0;vertical-align:top;padding-bottom:24px\" align=\"center\">\n              <table style=\"border-collapse:collapse;border-spacing:0;background-color:#e9e9e9;font-size:2px;line-height:2px;width:60px\">\n                <tbody><tr><td style=\"padding:0;vertical-align:top\"> </td></tr>\n              </tbody></table>\n            </td></tr></tbody></table>\n          \n                            </td>\n                          </tr>\n                        </tbody></table>\n                      \n                        <table style=\"border-collapse:collapse;border-spacing:0;width:100%\">\n                          <tbody><tr>\n                            <td style=\"padding:0;vertical-align:top;padding-left:32px;padding-right:32px\">\n                              \n            <p style=\"Margin-top:0;color:#565656;font-family:Georgia,serif;font-size:16px;line-height:25px;Margin-bottom:25px\"><a href=\"http://granliga.com\" target=\"_blank\">granliga.com</a> (R) es un gestor integral de torneos de fútbol.<br>\nTe invitamos a <a style=\"text-decoration:underline;color:#41637e\" href=\"http://www.granliga.com\" target=\"_blank\">www.granliga.com</a>  para que conozcas más</p><p style=\"Margin-top:0;color:#565656;font-family:Georgia,serif;font-size:16px;line-height:25px;Margin-bottom:24px\"> </p>\n          \n                            </td>\n                          </tr>\n                        </tbody></table>\n                      \n                      <div style=\"font-size:8px;line-height:8px\"> </div>\n                    </td>\n                  </tr>\n                </tbody></table>\n              </td>\n              <td style=\"padding:0;vertical-align:top;font-size:1px;line-height:1px;background-color:#e9e9e9;width:1px\">​</td>\n            </tr>\n          </tbody></table>\n        \n          <table style=\"border-collapse:collapse;border-spacing:0;font-size:1px;line-height:1px;background-color:#e9e9e9;Margin-left:auto;Margin-right:auto\" width=\"602\">\n            <tbody><tr><td style=\"padding:0;vertical-align:top\">​</td></tr>\n          </tbody></table>\n\n      </tbody></table>\n    </center>\n  <img style=\"border:0!important;height:1px!important;width:1px!important;margin:0!important;padding:0!important\" src=\"http://createsend1.com/t/t-o-tyutijl-l/o.gif\" width=\"1\" height=\"1\" border=\"0\" alt=\"\">\n\n<div></div>\n\n\n\n\n</div>\n</body></html>',NULL,NULL),(16,12,'[\"2\", \"nicolas.reynoso@gmail.com\", \"Nicol\\u00e1s Alejo Reynoso\"]','[[\"12\", \"batistuta@gmail.com\", \" \"]]','Solicitud jugador en el equipo Boca Juniors','<!DOCTYPE HTML PUBLIC \"-//W3C//DTD HTML 4.01 Transitional//EN\"><html><head><META http-equiv=\"Content-Type\" content=\"text/html; charset=utf-8\"></head><body>\n\n    \n    \n    \n    \n  \n\n\n\n  <div style=\"margin:0;padding:0;min-width:100%;background-color:#fbfbfb\">\n    <center style=\"display:table;table-layout:fixed;width:100%;min-width:620px;background-color:#fbfbfb\">\n      <table style=\"border-collapse:collapse;border-spacing:0;width:650px;min-width:650px\"><tbody><tr><td style=\"padding:0;vertical-align:top;font-size:1px;line-height:1px\"> </td></tr></tbody></table>\n      <table style=\"border-collapse:collapse;border-spacing:0;Margin-left:auto;Margin-right:auto\">\n        <tbody><tr>\n          <td style=\"padding:0;vertical-align:top\">\n            <table style=\"border-collapse:collapse;border-spacing:0;width:602px\">\n              <tbody><tr>\n                \n                <td style=\"padding:0;vertical-align:top;padding-top:10px;padding-bottom:12px;font-size:12px;line-height:21px;text-align:right;width:300px;color:#999;font-family:Georgia,serif\">\n                  No ves las Imágenes? <a style=\"text-decoration:none;color:#999;font-weight:bold\" href=\"#\" target=\"_blank\">Hacé click aquí</a>\n                </td>\n              </tr>\n            </tbody></table>\n          </td>\n        </tr>\n      </tbody></table>\n      <table style=\"border-collapse:collapse;border-spacing:0;Margin-left:auto;Margin-right:auto;width:602px\">\n        <tbody><tr><td style=\"padding:0;vertical-align:top;font-size:1px;line-height:1px;background-color:#e9e9e9;width:1px\"> </td></tr>\n        <tr><td style=\"padding:32px 0;vertical-align:top\"><div style=\"font-size:26px;font-weight:700;letter-spacing:-0.02em;line-height:32px;color:#41637e;font-family:sans-serif\" align=\"left\"><img style=\"border:0;display:block;max-width:325px\" src=\"http://granliga.com/static/img/logos/3.png\" alt=\"\" width=\"217\" height=\"92\"></div></td></tr>\n      </tbody></table>\n      \n          <table style=\"border-collapse:collapse;border-spacing:0;font-size:1px;line-height:1px;background-color:#e9e9e9;Margin-left:auto;Margin-right:auto\" width=\"602\">\n            <tbody><tr><td style=\"padding:0;vertical-align:top\">​</td></tr>\n          </tbody></table>\n        \n          <table style=\"border-collapse:collapse;border-spacing:0;Margin-left:auto;Margin-right:auto\">\n            <tbody><tr>\n              <td style=\"padding:0;vertical-align:top;font-size:1px;line-height:1px;background-color:#e9e9e9;width:1px\">​</td>\n              <td style=\"padding:0;vertical-align:top\">\n                <table style=\"border-collapse:collapse;border-spacing:0;Margin-left:auto;Margin-right:auto;width:600px;background-color:#ffffff;font-size:14px\">\n                  <tbody><tr>\n                    <td style=\"padding:0;vertical-align:top;text-align:left\">\n                      \n              <div style=\"font-size:12px;Margin-bottom:24px;color:#565656;font-family:Georgia,serif\" align=\"center\">\n                <img style=\"border:0;display:block;max-width:128px\" src=\"http://i1.createsend1.com/ei/t/60/9F3/20E/004835/csfinal/1422560508_soccer_5.png\" alt=\"\" width=\"128\" height=\"128\">\n              </div>\n            \n                        <table style=\"border-collapse:collapse;border-spacing:0;width:100%\">\n                          <tbody><tr>\n                            <td style=\"padding:0;vertical-align:top;padding-left:32px;padding-right:32px\">\n                              \n            <h1 style=\"Margin-top:0;color:#565656;font-weight:700;font-size:36px;Margin-bottom:18px;font-family:sans-serif;line-height:42px\">batistuta@gmail.com,</h1><p style=\"Margin-top:0;color:#565656;font-family:Georgia,serif;font-size:16px;line-height:25px;Margin-bottom:25px\">Nicolás Alejo Reynoso, responsable del equipo &quot;<strong style=\"font-weight:bold\">Boca Juniors</strong>&quot;<strong style=\"font-weight:bold\">, </strong>te invita a que formes parte del equipo!!!</p><p style=\"Margin-top:0;color:#565656;font-family:Georgia,serif;font-size:16px;line-height:25px;Margin-bottom:25px\">El próximo 01/04/2015 está iniciando el torneo <strong style=\"font-weight:bold\">El torneo de tu vida</strong> en La mejor cancha de tu vida, en Heredia 550, Capital Federal, Buenos Aires. </p><p style=\"Margin-top:0;color:#565656;font-family:Georgia,serif;font-size:16px;line-height:25px;Margin-bottom:25px\">Se trata de un torneo del formato todos contra todos, que se disputará los días Martes mayormente (puede haber algún cambio de días, preavisados).</p><p style=\"Margin-top:0;color:#565656;font-family:Georgia,serif;font-size:16px;line-height:25px;Margin-bottom:25px\">Si quieres formar parte del equipo <strong style=\"font-weight:bold\">&quot;Boca Juniors&quot;</strong> haz click en <a style=\"text-decoration:underline;color:#41637e\" href=\"http://127.0.0.1:5001/user/registration/THBUNlRTbjdpOUJ5c2N0UmdNTjVwVHh3YlBaTmpCR1JTTEFjUlRZVHZidThXaXVlT1pmYm9YVzdjM3p2emtKTngrQ2g3VW5UMHBWUEV6QndNbFU4MVE9PQ==/accept?next_url=/link/U0R6RG94VC9yMVFCK1ZHRjZ0MlhRZXdVU3B3UmNqdTM5SWtQZVBtWUNpVVRsbGw5NlBFaDMwL3c5Ym9vNGVhSXNQVWNJL3VidGtOZmNWRGgzVk1tMXc9PQ==/accept\" target=\"_blank\">acepto formar parte del equipo</a>.</p><p style=\"Margin-top:0;color:#565656;font-family:Georgia,serif;font-size:16px;line-height:25px;Margin-bottom:25px\">Por otro lado, si no deseas o no puedes formar parte de <strong style=\"font-weight:bold\">&quot;Boca Juniors&quot;</strong>, por favor haz click en <a style=\"text-decoration:underline;color:#41637e\" href=\"http://127.0.0.1:5001/user/registration/THBUNlRTbjdpOUJ5c2N0UmdNTjVwVHh3YlBaTmpCR1JTTEFjUlRZVHZidThXaXVlT1pmYm9YVzdjM3p2emtKTngrQ2g3VW5UMHBWUEV6QndNbFU4MVE9PQ==/reject?next_url=/link/U0R6RG94VC9yMVFCK1ZHRjZ0MlhRZXdVU3B3UmNqdTM5SWtQZVBtWUNpVVRsbGw5NlBFaDMwL3c5Ym9vNGVhSXNQVWNJL3VidGtOZmNWRGgzVk1tMXc9PQ==/reject\" target=\"_blank\">NO acepto formar parte del equipo\n</a>.</p><p style=\"Margin-top:0;color:#565656;font-family:Georgia,serif;font-size:16px;line-height:25px;Margin-bottom:25px\">Pasadas 48hs de recibido este aviso la solicitud quedará sin efecto.</p><p style=\"Margin-top:0;color:#565656;font-family:Georgia,serif;font-size:16px;line-height:25px;Margin-bottom:25px\"> </p>\n          \n                            </td>\n                          </tr>\n                        </tbody></table>\n                      \n                        <table style=\"border-collapse:collapse;border-spacing:0;width:100%\">\n                          <tbody><tr>\n                            <td style=\"padding:0;vertical-align:top;padding-left:32px;padding-right:32px\">\n                              \n            <table style=\"border-collapse:collapse;border-spacing:0;width:100%\"><tbody><tr><td style=\"padding:0;vertical-align:top;padding-bottom:24px\" align=\"center\">\n              <table style=\"border-collapse:collapse;border-spacing:0;background-color:#e9e9e9;font-size:2px;line-height:2px;width:60px\">\n                <tbody><tr><td style=\"padding:0;vertical-align:top\"> </td></tr>\n              </tbody></table>\n            </td></tr></tbody></table>\n          \n                            </td>\n                          </tr>\n                        </tbody></table>\n                      \n                        <table style=\"border-collapse:collapse;border-spacing:0;width:100%\">\n                          <tbody><tr>\n                            <td style=\"padding:0;vertical-align:top;padding-left:32px;padding-right:32px\">\n                              \n            <p style=\"Margin-top:0;color:#565656;font-family:Georgia,serif;font-size:16px;line-height:25px;Margin-bottom:25px\"><a href=\"http://granliga.com\" target=\"_blank\">granliga.com</a> (R) es un gestor integral de torneos de fútbol.<br>\nTe invitamos a <a style=\"text-decoration:underline;color:#41637e\" href=\"http://www.granliga.com\" target=\"_blank\">www.granliga.com</a>  para que conozcas más</p><p style=\"Margin-top:0;color:#565656;font-family:Georgia,serif;font-size:16px;line-height:25px;Margin-bottom:24px\"> </p>\n          \n                            </td>\n                          </tr>\n                        </tbody></table>\n                      \n                      <div style=\"font-size:8px;line-height:8px\"> </div>\n                    </td>\n                  </tr>\n                </tbody></table>\n              </td>\n              <td style=\"padding:0;vertical-align:top;font-size:1px;line-height:1px;background-color:#e9e9e9;width:1px\">​</td>\n            </tr>\n          </tbody></table>\n        \n          <table style=\"border-collapse:collapse;border-spacing:0;font-size:1px;line-height:1px;background-color:#e9e9e9;Margin-left:auto;Margin-right:auto\" width=\"602\">\n            <tbody><tr><td style=\"padding:0;vertical-align:top\">​</td></tr>\n          </tbody></table>\n\n      </tbody></table>\n    </center>\n  <img style=\"border:0!important;height:1px!important;width:1px!important;margin:0!important;padding:0!important\" src=\"http://createsend1.com/t/t-o-tyutijl-l/o.gif\" width=\"1\" height=\"1\" border=\"0\" alt=\"\">\n\n<div></div>\n\n\n\n\n</div>\n</body></html>',NULL,NULL),(17,13,'[\"2\", \"nicolas.reynoso@gmail.com\", \"Nicol\\u00e1s Alejo Reynoso\"]','[[\"13\", \"orion@gmail.com\", \" \"]]','Solicitud jugador en el equipo Boca Juniors','<!DOCTYPE HTML PUBLIC \"-//W3C//DTD HTML 4.01 Transitional//EN\"><html><head><META http-equiv=\"Content-Type\" content=\"text/html; charset=utf-8\"></head><body>\n\n    \n    \n    \n    \n  \n\n\n\n  <div style=\"margin:0;padding:0;min-width:100%;background-color:#fbfbfb\">\n    <center style=\"display:table;table-layout:fixed;width:100%;min-width:620px;background-color:#fbfbfb\">\n      <table style=\"border-collapse:collapse;border-spacing:0;width:650px;min-width:650px\"><tbody><tr><td style=\"padding:0;vertical-align:top;font-size:1px;line-height:1px\"> </td></tr></tbody></table>\n      <table style=\"border-collapse:collapse;border-spacing:0;Margin-left:auto;Margin-right:auto\">\n        <tbody><tr>\n          <td style=\"padding:0;vertical-align:top\">\n            <table style=\"border-collapse:collapse;border-spacing:0;width:602px\">\n              <tbody><tr>\n                \n                <td style=\"padding:0;vertical-align:top;padding-top:10px;padding-bottom:12px;font-size:12px;line-height:21px;text-align:right;width:300px;color:#999;font-family:Georgia,serif\">\n                  No ves las Imágenes? <a style=\"text-decoration:none;color:#999;font-weight:bold\" href=\"#\" target=\"_blank\">Hacé click aquí</a>\n                </td>\n              </tr>\n            </tbody></table>\n          </td>\n        </tr>\n      </tbody></table>\n      <table style=\"border-collapse:collapse;border-spacing:0;Margin-left:auto;Margin-right:auto;width:602px\">\n        <tbody><tr><td style=\"padding:0;vertical-align:top;font-size:1px;line-height:1px;background-color:#e9e9e9;width:1px\"> </td></tr>\n        <tr><td style=\"padding:32px 0;vertical-align:top\"><div style=\"font-size:26px;font-weight:700;letter-spacing:-0.02em;line-height:32px;color:#41637e;font-family:sans-serif\" align=\"left\"><img style=\"border:0;display:block;max-width:325px\" src=\"http://granliga.com/static/img/logos/3.png\" alt=\"\" width=\"217\" height=\"92\"></div></td></tr>\n      </tbody></table>\n      \n          <table style=\"border-collapse:collapse;border-spacing:0;font-size:1px;line-height:1px;background-color:#e9e9e9;Margin-left:auto;Margin-right:auto\" width=\"602\">\n            <tbody><tr><td style=\"padding:0;vertical-align:top\">​</td></tr>\n          </tbody></table>\n        \n          <table style=\"border-collapse:collapse;border-spacing:0;Margin-left:auto;Margin-right:auto\">\n            <tbody><tr>\n              <td style=\"padding:0;vertical-align:top;font-size:1px;line-height:1px;background-color:#e9e9e9;width:1px\">​</td>\n              <td style=\"padding:0;vertical-align:top\">\n                <table style=\"border-collapse:collapse;border-spacing:0;Margin-left:auto;Margin-right:auto;width:600px;background-color:#ffffff;font-size:14px\">\n                  <tbody><tr>\n                    <td style=\"padding:0;vertical-align:top;text-align:left\">\n                      \n              <div style=\"font-size:12px;Margin-bottom:24px;color:#565656;font-family:Georgia,serif\" align=\"center\">\n                <img style=\"border:0;display:block;max-width:128px\" src=\"http://i1.createsend1.com/ei/t/60/9F3/20E/004835/csfinal/1422560508_soccer_5.png\" alt=\"\" width=\"128\" height=\"128\">\n              </div>\n            \n                        <table style=\"border-collapse:collapse;border-spacing:0;width:100%\">\n                          <tbody><tr>\n                            <td style=\"padding:0;vertical-align:top;padding-left:32px;padding-right:32px\">\n                              \n            <h1 style=\"Margin-top:0;color:#565656;font-weight:700;font-size:36px;Margin-bottom:18px;font-family:sans-serif;line-height:42px\">orion@gmail.com,</h1><p style=\"Margin-top:0;color:#565656;font-family:Georgia,serif;font-size:16px;line-height:25px;Margin-bottom:25px\">Nicolás Alejo Reynoso, responsable del equipo &quot;<strong style=\"font-weight:bold\">Boca Juniors</strong>&quot;<strong style=\"font-weight:bold\">, </strong>te invita a que formes parte del equipo!!!</p><p style=\"Margin-top:0;color:#565656;font-family:Georgia,serif;font-size:16px;line-height:25px;Margin-bottom:25px\">El próximo 01/04/2015 está iniciando el torneo <strong style=\"font-weight:bold\">El torneo de tu vida</strong> en La mejor cancha de tu vida, en Heredia 550, Capital Federal, Buenos Aires. </p><p style=\"Margin-top:0;color:#565656;font-family:Georgia,serif;font-size:16px;line-height:25px;Margin-bottom:25px\">Se trata de un torneo del formato todos contra todos, que se disputará los días Martes mayormente (puede haber algún cambio de días, preavisados).</p><p style=\"Margin-top:0;color:#565656;font-family:Georgia,serif;font-size:16px;line-height:25px;Margin-bottom:25px\">Si quieres formar parte del equipo <strong style=\"font-weight:bold\">&quot;Boca Juniors&quot;</strong> haz click en <a style=\"text-decoration:underline;color:#41637e\" href=\"http://127.0.0.1:5001/user/registration/WCt6ZkRrQUNuamM0WlhkbkZtdVNLYU1DeitvMUlPTnNRRGNBSTNZZmpsamhWOW81Mnc0cDRpeVVBc0E3RTNrMWhVd01sQSswamhjU2lsc1FYTHE3K0E9PQ==/accept?next_url=/link/MDE0T2duc2NGNnhqbTdUazRuTG51NXhPWjhkVlBLeURnempDZFlmSEl3RGhPNnFuR0UyVGpQTm5jTFBaWnl1MUQ0ZUtERGZrbExpSG1GTklQRGpzekE9PQ==/accept\" target=\"_blank\">acepto formar parte del equipo</a>.</p><p style=\"Margin-top:0;color:#565656;font-family:Georgia,serif;font-size:16px;line-height:25px;Margin-bottom:25px\">Por otro lado, si no deseas o no puedes formar parte de <strong style=\"font-weight:bold\">&quot;Boca Juniors&quot;</strong>, por favor haz click en <a style=\"text-decoration:underline;color:#41637e\" href=\"http://127.0.0.1:5001/user/registration/WCt6ZkRrQUNuamM0WlhkbkZtdVNLYU1DeitvMUlPTnNRRGNBSTNZZmpsamhWOW81Mnc0cDRpeVVBc0E3RTNrMWhVd01sQSswamhjU2lsc1FYTHE3K0E9PQ==/reject?next_url=/link/MDE0T2duc2NGNnhqbTdUazRuTG51NXhPWjhkVlBLeURnempDZFlmSEl3RGhPNnFuR0UyVGpQTm5jTFBaWnl1MUQ0ZUtERGZrbExpSG1GTklQRGpzekE9PQ==/reject\" target=\"_blank\">NO acepto formar parte del equipo\n</a>.</p><p style=\"Margin-top:0;color:#565656;font-family:Georgia,serif;font-size:16px;line-height:25px;Margin-bottom:25px\">Pasadas 48hs de recibido este aviso la solicitud quedará sin efecto.</p><p style=\"Margin-top:0;color:#565656;font-family:Georgia,serif;font-size:16px;line-height:25px;Margin-bottom:25px\"> </p>\n          \n                            </td>\n                          </tr>\n                        </tbody></table>\n                      \n                        <table style=\"border-collapse:collapse;border-spacing:0;width:100%\">\n                          <tbody><tr>\n                            <td style=\"padding:0;vertical-align:top;padding-left:32px;padding-right:32px\">\n                              \n            <table style=\"border-collapse:collapse;border-spacing:0;width:100%\"><tbody><tr><td style=\"padding:0;vertical-align:top;padding-bottom:24px\" align=\"center\">\n              <table style=\"border-collapse:collapse;border-spacing:0;background-color:#e9e9e9;font-size:2px;line-height:2px;width:60px\">\n                <tbody><tr><td style=\"padding:0;vertical-align:top\"> </td></tr>\n              </tbody></table>\n            </td></tr></tbody></table>\n          \n                            </td>\n                          </tr>\n                        </tbody></table>\n                      \n                        <table style=\"border-collapse:collapse;border-spacing:0;width:100%\">\n                          <tbody><tr>\n                            <td style=\"padding:0;vertical-align:top;padding-left:32px;padding-right:32px\">\n                              \n            <p style=\"Margin-top:0;color:#565656;font-family:Georgia,serif;font-size:16px;line-height:25px;Margin-bottom:25px\"><a href=\"http://granliga.com\" target=\"_blank\">granliga.com</a> (R) es un gestor integral de torneos de fútbol.<br>\nTe invitamos a <a style=\"text-decoration:underline;color:#41637e\" href=\"http://www.granliga.com\" target=\"_blank\">www.granliga.com</a>  para que conozcas más</p><p style=\"Margin-top:0;color:#565656;font-family:Georgia,serif;font-size:16px;line-height:25px;Margin-bottom:24px\"> </p>\n          \n                            </td>\n                          </tr>\n                        </tbody></table>\n                      \n                      <div style=\"font-size:8px;line-height:8px\"> </div>\n                    </td>\n                  </tr>\n                </tbody></table>\n              </td>\n              <td style=\"padding:0;vertical-align:top;font-size:1px;line-height:1px;background-color:#e9e9e9;width:1px\">​</td>\n            </tr>\n          </tbody></table>\n        \n          <table style=\"border-collapse:collapse;border-spacing:0;font-size:1px;line-height:1px;background-color:#e9e9e9;Margin-left:auto;Margin-right:auto\" width=\"602\">\n            <tbody><tr><td style=\"padding:0;vertical-align:top\">​</td></tr>\n          </tbody></table>\n\n      </tbody></table>\n    </center>\n  <img style=\"border:0!important;height:1px!important;width:1px!important;margin:0!important;padding:0!important\" src=\"http://createsend1.com/t/t-o-tyutijl-l/o.gif\" width=\"1\" height=\"1\" border=\"0\" alt=\"\">\n\n<div></div>\n\n\n\n\n</div>\n</body></html>',NULL,NULL),(18,14,'[\"2\", \"nicolas.reynoso@gmail.com\", \"Nicol\\u00e1s Alejo Reynoso\"]','[[\"14\", \"constanzo@gmail.com\", \" \"]]','Solicitud jugador en el equipo Boca Juniors','<!DOCTYPE HTML PUBLIC \"-//W3C//DTD HTML 4.01 Transitional//EN\"><html><head><META http-equiv=\"Content-Type\" content=\"text/html; charset=utf-8\"></head><body>\n\n    \n    \n    \n    \n  \n\n\n\n  <div style=\"margin:0;padding:0;min-width:100%;background-color:#fbfbfb\">\n    <center style=\"display:table;table-layout:fixed;width:100%;min-width:620px;background-color:#fbfbfb\">\n      <table style=\"border-collapse:collapse;border-spacing:0;width:650px;min-width:650px\"><tbody><tr><td style=\"padding:0;vertical-align:top;font-size:1px;line-height:1px\"> </td></tr></tbody></table>\n      <table style=\"border-collapse:collapse;border-spacing:0;Margin-left:auto;Margin-right:auto\">\n        <tbody><tr>\n          <td style=\"padding:0;vertical-align:top\">\n            <table style=\"border-collapse:collapse;border-spacing:0;width:602px\">\n              <tbody><tr>\n                \n                <td style=\"padding:0;vertical-align:top;padding-top:10px;padding-bottom:12px;font-size:12px;line-height:21px;text-align:right;width:300px;color:#999;font-family:Georgia,serif\">\n                  No ves las Imágenes? <a style=\"text-decoration:none;color:#999;font-weight:bold\" href=\"#\" target=\"_blank\">Hacé click aquí</a>\n                </td>\n              </tr>\n            </tbody></table>\n          </td>\n        </tr>\n      </tbody></table>\n      <table style=\"border-collapse:collapse;border-spacing:0;Margin-left:auto;Margin-right:auto;width:602px\">\n        <tbody><tr><td style=\"padding:0;vertical-align:top;font-size:1px;line-height:1px;background-color:#e9e9e9;width:1px\"> </td></tr>\n        <tr><td style=\"padding:32px 0;vertical-align:top\"><div style=\"font-size:26px;font-weight:700;letter-spacing:-0.02em;line-height:32px;color:#41637e;font-family:sans-serif\" align=\"left\"><img style=\"border:0;display:block;max-width:325px\" src=\"http://granliga.com/static/img/logos/3.png\" alt=\"\" width=\"217\" height=\"92\"></div></td></tr>\n      </tbody></table>\n      \n          <table style=\"border-collapse:collapse;border-spacing:0;font-size:1px;line-height:1px;background-color:#e9e9e9;Margin-left:auto;Margin-right:auto\" width=\"602\">\n            <tbody><tr><td style=\"padding:0;vertical-align:top\">​</td></tr>\n          </tbody></table>\n        \n          <table style=\"border-collapse:collapse;border-spacing:0;Margin-left:auto;Margin-right:auto\">\n            <tbody><tr>\n              <td style=\"padding:0;vertical-align:top;font-size:1px;line-height:1px;background-color:#e9e9e9;width:1px\">​</td>\n              <td style=\"padding:0;vertical-align:top\">\n                <table style=\"border-collapse:collapse;border-spacing:0;Margin-left:auto;Margin-right:auto;width:600px;background-color:#ffffff;font-size:14px\">\n                  <tbody><tr>\n                    <td style=\"padding:0;vertical-align:top;text-align:left\">\n                      \n              <div style=\"font-size:12px;Margin-bottom:24px;color:#565656;font-family:Georgia,serif\" align=\"center\">\n                <img style=\"border:0;display:block;max-width:128px\" src=\"http://i1.createsend1.com/ei/t/60/9F3/20E/004835/csfinal/1422560508_soccer_5.png\" alt=\"\" width=\"128\" height=\"128\">\n              </div>\n            \n                        <table style=\"border-collapse:collapse;border-spacing:0;width:100%\">\n                          <tbody><tr>\n                            <td style=\"padding:0;vertical-align:top;padding-left:32px;padding-right:32px\">\n                              \n            <h1 style=\"Margin-top:0;color:#565656;font-weight:700;font-size:36px;Margin-bottom:18px;font-family:sans-serif;line-height:42px\">constanzo@gmail.com,</h1><p style=\"Margin-top:0;color:#565656;font-family:Georgia,serif;font-size:16px;line-height:25px;Margin-bottom:25px\">Nicolás Alejo Reynoso, responsable del equipo &quot;<strong style=\"font-weight:bold\">Boca Juniors</strong>&quot;<strong style=\"font-weight:bold\">, </strong>te invita a que formes parte del equipo!!!</p><p style=\"Margin-top:0;color:#565656;font-family:Georgia,serif;font-size:16px;line-height:25px;Margin-bottom:25px\">El próximo 01/04/2015 está iniciando el torneo <strong style=\"font-weight:bold\">El torneo de tu vida</strong> en La mejor cancha de tu vida, en Heredia 550, Capital Federal, Buenos Aires. </p><p style=\"Margin-top:0;color:#565656;font-family:Georgia,serif;font-size:16px;line-height:25px;Margin-bottom:25px\">Se trata de un torneo del formato todos contra todos, que se disputará los días Martes mayormente (puede haber algún cambio de días, preavisados).</p><p style=\"Margin-top:0;color:#565656;font-family:Georgia,serif;font-size:16px;line-height:25px;Margin-bottom:25px\">Si quieres formar parte del equipo <strong style=\"font-weight:bold\">&quot;Boca Juniors&quot;</strong> haz click en <a style=\"text-decoration:underline;color:#41637e\" href=\"http://127.0.0.1:5001/user/registration/ZWFmd213N0RmWDN3NFdwZ0ZpYVVaZW9nOEFMek9BWXNCRE0zenZZRHdoMytKR1JISVVXVmZSYXdFVXhoaGg5dS9xSkpCUFRmeXg1cWxZMHJXSDB1d1E9PQ==/accept?next_url=/link/U296SzNEaHV4YjlaRkp3allNM1hrN0RCRHV5U0RYNHB3OFNvbk9kMkFaYW05M2tXWWxRRVRGeWJiMjZXTGdqK0hJenZIdEhoSHFuYXU3YTZRR0dkcEE9PQ==/accept\" target=\"_blank\">acepto formar parte del equipo</a>.</p><p style=\"Margin-top:0;color:#565656;font-family:Georgia,serif;font-size:16px;line-height:25px;Margin-bottom:25px\">Por otro lado, si no deseas o no puedes formar parte de <strong style=\"font-weight:bold\">&quot;Boca Juniors&quot;</strong>, por favor haz click en <a style=\"text-decoration:underline;color:#41637e\" href=\"http://127.0.0.1:5001/user/registration/ZWFmd213N0RmWDN3NFdwZ0ZpYVVaZW9nOEFMek9BWXNCRE0zenZZRHdoMytKR1JISVVXVmZSYXdFVXhoaGg5dS9xSkpCUFRmeXg1cWxZMHJXSDB1d1E9PQ==/reject?next_url=/link/U296SzNEaHV4YjlaRkp3allNM1hrN0RCRHV5U0RYNHB3OFNvbk9kMkFaYW05M2tXWWxRRVRGeWJiMjZXTGdqK0hJenZIdEhoSHFuYXU3YTZRR0dkcEE9PQ==/reject\" target=\"_blank\">NO acepto formar parte del equipo\n</a>.</p><p style=\"Margin-top:0;color:#565656;font-family:Georgia,serif;font-size:16px;line-height:25px;Margin-bottom:25px\">Pasadas 48hs de recibido este aviso la solicitud quedará sin efecto.</p><p style=\"Margin-top:0;color:#565656;font-family:Georgia,serif;font-size:16px;line-height:25px;Margin-bottom:25px\"> </p>\n          \n                            </td>\n                          </tr>\n                        </tbody></table>\n                      \n                        <table style=\"border-collapse:collapse;border-spacing:0;width:100%\">\n                          <tbody><tr>\n                            <td style=\"padding:0;vertical-align:top;padding-left:32px;padding-right:32px\">\n                              \n            <table style=\"border-collapse:collapse;border-spacing:0;width:100%\"><tbody><tr><td style=\"padding:0;vertical-align:top;padding-bottom:24px\" align=\"center\">\n              <table style=\"border-collapse:collapse;border-spacing:0;background-color:#e9e9e9;font-size:2px;line-height:2px;width:60px\">\n                <tbody><tr><td style=\"padding:0;vertical-align:top\"> </td></tr>\n              </tbody></table>\n            </td></tr></tbody></table>\n          \n                            </td>\n                          </tr>\n                        </tbody></table>\n                      \n                        <table style=\"border-collapse:collapse;border-spacing:0;width:100%\">\n                          <tbody><tr>\n                            <td style=\"padding:0;vertical-align:top;padding-left:32px;padding-right:32px\">\n                              \n            <p style=\"Margin-top:0;color:#565656;font-family:Georgia,serif;font-size:16px;line-height:25px;Margin-bottom:25px\"><a href=\"http://granliga.com\" target=\"_blank\">granliga.com</a> (R) es un gestor integral de torneos de fútbol.<br>\nTe invitamos a <a style=\"text-decoration:underline;color:#41637e\" href=\"http://www.granliga.com\" target=\"_blank\">www.granliga.com</a>  para que conozcas más</p><p style=\"Margin-top:0;color:#565656;font-family:Georgia,serif;font-size:16px;line-height:25px;Margin-bottom:24px\"> </p>\n          \n                            </td>\n                          </tr>\n                        </tbody></table>\n                      \n                      <div style=\"font-size:8px;line-height:8px\"> </div>\n                    </td>\n                  </tr>\n                </tbody></table>\n              </td>\n              <td style=\"padding:0;vertical-align:top;font-size:1px;line-height:1px;background-color:#e9e9e9;width:1px\">​</td>\n            </tr>\n          </tbody></table>\n        \n          <table style=\"border-collapse:collapse;border-spacing:0;font-size:1px;line-height:1px;background-color:#e9e9e9;Margin-left:auto;Margin-right:auto\" width=\"602\">\n            <tbody><tr><td style=\"padding:0;vertical-align:top\">​</td></tr>\n          </tbody></table>\n\n      </tbody></table>\n    </center>\n  <img style=\"border:0!important;height:1px!important;width:1px!important;margin:0!important;padding:0!important\" src=\"http://createsend1.com/t/t-o-tyutijl-l/o.gif\" width=\"1\" height=\"1\" border=\"0\" alt=\"\">\n\n<div></div>\n\n\n\n\n</div>\n</body></html>',NULL,NULL),(19,15,'[\"2\", \"nicolas.reynoso@gmail.com\", \"Nicol\\u00e1s Alejo Reynoso\"]','[[\"15\", \"sl1@gmail.com\", \" \"]]','Solicitud jugador en el equipo San Lorenzo','<!DOCTYPE HTML PUBLIC \"-//W3C//DTD HTML 4.01 Transitional//EN\"><html><head><META http-equiv=\"Content-Type\" content=\"text/html; charset=utf-8\"></head><body>\n\n    \n    \n    \n    \n  \n\n\n\n  <div style=\"margin:0;padding:0;min-width:100%;background-color:#fbfbfb\">\n    <center style=\"display:table;table-layout:fixed;width:100%;min-width:620px;background-color:#fbfbfb\">\n      <table style=\"border-collapse:collapse;border-spacing:0;width:650px;min-width:650px\"><tbody><tr><td style=\"padding:0;vertical-align:top;font-size:1px;line-height:1px\"> </td></tr></tbody></table>\n      <table style=\"border-collapse:collapse;border-spacing:0;Margin-left:auto;Margin-right:auto\">\n        <tbody><tr>\n          <td style=\"padding:0;vertical-align:top\">\n            <table style=\"border-collapse:collapse;border-spacing:0;width:602px\">\n              <tbody><tr>\n                \n                <td style=\"padding:0;vertical-align:top;padding-top:10px;padding-bottom:12px;font-size:12px;line-height:21px;text-align:right;width:300px;color:#999;font-family:Georgia,serif\">\n                  No ves las Imágenes? <a style=\"text-decoration:none;color:#999;font-weight:bold\" href=\"#\" target=\"_blank\">Hacé click aquí</a>\n                </td>\n              </tr>\n            </tbody></table>\n          </td>\n        </tr>\n      </tbody></table>\n      <table style=\"border-collapse:collapse;border-spacing:0;Margin-left:auto;Margin-right:auto;width:602px\">\n        <tbody><tr><td style=\"padding:0;vertical-align:top;font-size:1px;line-height:1px;background-color:#e9e9e9;width:1px\"> </td></tr>\n        <tr><td style=\"padding:32px 0;vertical-align:top\"><div style=\"font-size:26px;font-weight:700;letter-spacing:-0.02em;line-height:32px;color:#41637e;font-family:sans-serif\" align=\"left\"><img style=\"border:0;display:block;max-width:325px\" src=\"http://granliga.com/static/img/logos/3.png\" alt=\"\" width=\"217\" height=\"92\"></div></td></tr>\n      </tbody></table>\n      \n          <table style=\"border-collapse:collapse;border-spacing:0;font-size:1px;line-height:1px;background-color:#e9e9e9;Margin-left:auto;Margin-right:auto\" width=\"602\">\n            <tbody><tr><td style=\"padding:0;vertical-align:top\">​</td></tr>\n          </tbody></table>\n        \n          <table style=\"border-collapse:collapse;border-spacing:0;Margin-left:auto;Margin-right:auto\">\n            <tbody><tr>\n              <td style=\"padding:0;vertical-align:top;font-size:1px;line-height:1px;background-color:#e9e9e9;width:1px\">​</td>\n              <td style=\"padding:0;vertical-align:top\">\n                <table style=\"border-collapse:collapse;border-spacing:0;Margin-left:auto;Margin-right:auto;width:600px;background-color:#ffffff;font-size:14px\">\n                  <tbody><tr>\n                    <td style=\"padding:0;vertical-align:top;text-align:left\">\n                      \n              <div style=\"font-size:12px;Margin-bottom:24px;color:#565656;font-family:Georgia,serif\" align=\"center\">\n                <img style=\"border:0;display:block;max-width:128px\" src=\"http://i1.createsend1.com/ei/t/60/9F3/20E/004835/csfinal/1422560508_soccer_5.png\" alt=\"\" width=\"128\" height=\"128\">\n              </div>\n            \n                        <table style=\"border-collapse:collapse;border-spacing:0;width:100%\">\n                          <tbody><tr>\n                            <td style=\"padding:0;vertical-align:top;padding-left:32px;padding-right:32px\">\n                              \n            <h1 style=\"Margin-top:0;color:#565656;font-weight:700;font-size:36px;Margin-bottom:18px;font-family:sans-serif;line-height:42px\">sl1@gmail.com,</h1><p style=\"Margin-top:0;color:#565656;font-family:Georgia,serif;font-size:16px;line-height:25px;Margin-bottom:25px\">Nicolás Alejo Reynoso, responsable del equipo &quot;<strong style=\"font-weight:bold\">San Lorenzo</strong>&quot;<strong style=\"font-weight:bold\">, </strong>te invita a que formes parte del equipo!!!</p><p style=\"Margin-top:0;color:#565656;font-family:Georgia,serif;font-size:16px;line-height:25px;Margin-bottom:25px\">El próximo 01/04/2015 está iniciando el torneo <strong style=\"font-weight:bold\">El torneo de tu vida</strong> en La mejor cancha de tu vida, en Heredia 550, Capital Federal, Buenos Aires. </p><p style=\"Margin-top:0;color:#565656;font-family:Georgia,serif;font-size:16px;line-height:25px;Margin-bottom:25px\">Se trata de un torneo del formato todos contra todos, que se disputará los días Martes mayormente (puede haber algún cambio de días, preavisados).</p><p style=\"Margin-top:0;color:#565656;font-family:Georgia,serif;font-size:16px;line-height:25px;Margin-bottom:25px\">Si quieres formar parte del equipo <strong style=\"font-weight:bold\">&quot;San Lorenzo&quot;</strong> haz click en <a style=\"text-decoration:underline;color:#41637e\" href=\"http://127.0.0.1:5001/user/registration/VjQ5SHNYNGdkS0xyWFNEU29hZGNFVTI3czRmZ0VKYlFOazNKZnVhM2VVTkJNOWRMcjJYWGRxQTFSZWtXWGxoUGlBcCtqSUtJZUdsQys0ZmcxT3ZGdUE9PQ==/accept?next_url=/link/bmdVN0Q5L1V4TC9QRXU4RnFLM3FZR0tOdW5xaWhvRU5ZZjFTUzRlMC8wdGlVdnNjS3labnRaK2pWOEZnKzdNNlM2NnFRdmNUNlAvODhMRlJuT0NnU0E9PQ==/accept\" target=\"_blank\">acepto formar parte del equipo</a>.</p><p style=\"Margin-top:0;color:#565656;font-family:Georgia,serif;font-size:16px;line-height:25px;Margin-bottom:25px\">Por otro lado, si no deseas o no puedes formar parte de <strong style=\"font-weight:bold\">&quot;San Lorenzo&quot;</strong>, por favor haz click en <a style=\"text-decoration:underline;color:#41637e\" href=\"http://127.0.0.1:5001/user/registration/VjQ5SHNYNGdkS0xyWFNEU29hZGNFVTI3czRmZ0VKYlFOazNKZnVhM2VVTkJNOWRMcjJYWGRxQTFSZWtXWGxoUGlBcCtqSUtJZUdsQys0ZmcxT3ZGdUE9PQ==/reject?next_url=/link/bmdVN0Q5L1V4TC9QRXU4RnFLM3FZR0tOdW5xaWhvRU5ZZjFTUzRlMC8wdGlVdnNjS3labnRaK2pWOEZnKzdNNlM2NnFRdmNUNlAvODhMRlJuT0NnU0E9PQ==/reject\" target=\"_blank\">NO acepto formar parte del equipo\n</a>.</p><p style=\"Margin-top:0;color:#565656;font-family:Georgia,serif;font-size:16px;line-height:25px;Margin-bottom:25px\">Pasadas 48hs de recibido este aviso la solicitud quedará sin efecto.</p><p style=\"Margin-top:0;color:#565656;font-family:Georgia,serif;font-size:16px;line-height:25px;Margin-bottom:25px\"> </p>\n          \n                            </td>\n                          </tr>\n                        </tbody></table>\n                      \n                        <table style=\"border-collapse:collapse;border-spacing:0;width:100%\">\n                          <tbody><tr>\n                            <td style=\"padding:0;vertical-align:top;padding-left:32px;padding-right:32px\">\n                              \n            <table style=\"border-collapse:collapse;border-spacing:0;width:100%\"><tbody><tr><td style=\"padding:0;vertical-align:top;padding-bottom:24px\" align=\"center\">\n              <table style=\"border-collapse:collapse;border-spacing:0;background-color:#e9e9e9;font-size:2px;line-height:2px;width:60px\">\n                <tbody><tr><td style=\"padding:0;vertical-align:top\"> </td></tr>\n              </tbody></table>\n            </td></tr></tbody></table>\n          \n                            </td>\n                          </tr>\n                        </tbody></table>\n                      \n                        <table style=\"border-collapse:collapse;border-spacing:0;width:100%\">\n                          <tbody><tr>\n                            <td style=\"padding:0;vertical-align:top;padding-left:32px;padding-right:32px\">\n                              \n            <p style=\"Margin-top:0;color:#565656;font-family:Georgia,serif;font-size:16px;line-height:25px;Margin-bottom:25px\"><a href=\"http://granliga.com\" target=\"_blank\">granliga.com</a> (R) es un gestor integral de torneos de fútbol.<br>\nTe invitamos a <a style=\"text-decoration:underline;color:#41637e\" href=\"http://www.granliga.com\" target=\"_blank\">www.granliga.com</a>  para que conozcas más</p><p style=\"Margin-top:0;color:#565656;font-family:Georgia,serif;font-size:16px;line-height:25px;Margin-bottom:24px\"> </p>\n          \n                            </td>\n                          </tr>\n                        </tbody></table>\n                      \n                      <div style=\"font-size:8px;line-height:8px\"> </div>\n                    </td>\n                  </tr>\n                </tbody></table>\n              </td>\n              <td style=\"padding:0;vertical-align:top;font-size:1px;line-height:1px;background-color:#e9e9e9;width:1px\">​</td>\n            </tr>\n          </tbody></table>\n        \n          <table style=\"border-collapse:collapse;border-spacing:0;font-size:1px;line-height:1px;background-color:#e9e9e9;Margin-left:auto;Margin-right:auto\" width=\"602\">\n            <tbody><tr><td style=\"padding:0;vertical-align:top\">​</td></tr>\n          </tbody></table>\n\n      </tbody></table>\n    </center>\n  <img style=\"border:0!important;height:1px!important;width:1px!important;margin:0!important;padding:0!important\" src=\"http://createsend1.com/t/t-o-tyutijl-l/o.gif\" width=\"1\" height=\"1\" border=\"0\" alt=\"\">\n\n<div></div>\n\n\n\n\n</div>\n</body></html>',NULL,NULL),(20,16,'[\"2\", \"nicolas.reynoso@gmail.com\", \"Nicol\\u00e1s Alejo Reynoso\"]','[[\"16\", \"sl2@gmail.com\", \" \"]]','Solicitud jugador en el equipo San Lorenzo','<!DOCTYPE HTML PUBLIC \"-//W3C//DTD HTML 4.01 Transitional//EN\"><html><head><META http-equiv=\"Content-Type\" content=\"text/html; charset=utf-8\"></head><body>\n\n    \n    \n    \n    \n  \n\n\n\n  <div style=\"margin:0;padding:0;min-width:100%;background-color:#fbfbfb\">\n    <center style=\"display:table;table-layout:fixed;width:100%;min-width:620px;background-color:#fbfbfb\">\n      <table style=\"border-collapse:collapse;border-spacing:0;width:650px;min-width:650px\"><tbody><tr><td style=\"padding:0;vertical-align:top;font-size:1px;line-height:1px\"> </td></tr></tbody></table>\n      <table style=\"border-collapse:collapse;border-spacing:0;Margin-left:auto;Margin-right:auto\">\n        <tbody><tr>\n          <td style=\"padding:0;vertical-align:top\">\n            <table style=\"border-collapse:collapse;border-spacing:0;width:602px\">\n              <tbody><tr>\n                \n                <td style=\"padding:0;vertical-align:top;padding-top:10px;padding-bottom:12px;font-size:12px;line-height:21px;text-align:right;width:300px;color:#999;font-family:Georgia,serif\">\n                  No ves las Imágenes? <a style=\"text-decoration:none;color:#999;font-weight:bold\" href=\"#\" target=\"_blank\">Hacé click aquí</a>\n                </td>\n              </tr>\n            </tbody></table>\n          </td>\n        </tr>\n      </tbody></table>\n      <table style=\"border-collapse:collapse;border-spacing:0;Margin-left:auto;Margin-right:auto;width:602px\">\n        <tbody><tr><td style=\"padding:0;vertical-align:top;font-size:1px;line-height:1px;background-color:#e9e9e9;width:1px\"> </td></tr>\n        <tr><td style=\"padding:32px 0;vertical-align:top\"><div style=\"font-size:26px;font-weight:700;letter-spacing:-0.02em;line-height:32px;color:#41637e;font-family:sans-serif\" align=\"left\"><img style=\"border:0;display:block;max-width:325px\" src=\"http://granliga.com/static/img/logos/3.png\" alt=\"\" width=\"217\" height=\"92\"></div></td></tr>\n      </tbody></table>\n      \n          <table style=\"border-collapse:collapse;border-spacing:0;font-size:1px;line-height:1px;background-color:#e9e9e9;Margin-left:auto;Margin-right:auto\" width=\"602\">\n            <tbody><tr><td style=\"padding:0;vertical-align:top\">​</td></tr>\n          </tbody></table>\n        \n          <table style=\"border-collapse:collapse;border-spacing:0;Margin-left:auto;Margin-right:auto\">\n            <tbody><tr>\n              <td style=\"padding:0;vertical-align:top;font-size:1px;line-height:1px;background-color:#e9e9e9;width:1px\">​</td>\n              <td style=\"padding:0;vertical-align:top\">\n                <table style=\"border-collapse:collapse;border-spacing:0;Margin-left:auto;Margin-right:auto;width:600px;background-color:#ffffff;font-size:14px\">\n                  <tbody><tr>\n                    <td style=\"padding:0;vertical-align:top;text-align:left\">\n                      \n              <div style=\"font-size:12px;Margin-bottom:24px;color:#565656;font-family:Georgia,serif\" align=\"center\">\n                <img style=\"border:0;display:block;max-width:128px\" src=\"http://i1.createsend1.com/ei/t/60/9F3/20E/004835/csfinal/1422560508_soccer_5.png\" alt=\"\" width=\"128\" height=\"128\">\n              </div>\n            \n                        <table style=\"border-collapse:collapse;border-spacing:0;width:100%\">\n                          <tbody><tr>\n                            <td style=\"padding:0;vertical-align:top;padding-left:32px;padding-right:32px\">\n                              \n            <h1 style=\"Margin-top:0;color:#565656;font-weight:700;font-size:36px;Margin-bottom:18px;font-family:sans-serif;line-height:42px\">sl2@gmail.com,</h1><p style=\"Margin-top:0;color:#565656;font-family:Georgia,serif;font-size:16px;line-height:25px;Margin-bottom:25px\">Nicolás Alejo Reynoso, responsable del equipo &quot;<strong style=\"font-weight:bold\">San Lorenzo</strong>&quot;<strong style=\"font-weight:bold\">, </strong>te invita a que formes parte del equipo!!!</p><p style=\"Margin-top:0;color:#565656;font-family:Georgia,serif;font-size:16px;line-height:25px;Margin-bottom:25px\">El próximo 01/04/2015 está iniciando el torneo <strong style=\"font-weight:bold\">El torneo de tu vida</strong> en La mejor cancha de tu vida, en Heredia 550, Capital Federal, Buenos Aires. </p><p style=\"Margin-top:0;color:#565656;font-family:Georgia,serif;font-size:16px;line-height:25px;Margin-bottom:25px\">Se trata de un torneo del formato todos contra todos, que se disputará los días Martes mayormente (puede haber algún cambio de días, preavisados).</p><p style=\"Margin-top:0;color:#565656;font-family:Georgia,serif;font-size:16px;line-height:25px;Margin-bottom:25px\">Si quieres formar parte del equipo <strong style=\"font-weight:bold\">&quot;San Lorenzo&quot;</strong> haz click en <a style=\"text-decoration:underline;color:#41637e\" href=\"http://127.0.0.1:5001/user/registration/VW9tU2p5RTV4S1hrS2NsZG9yS3A1ZzltSzN0aXZWclFLdWRZd3p6SkhsdmVCWnovVVJ2TXlBN3F4dzl6WG9BZE9SS3R5akUyR3NBNEZ3TTNiQ25ab1E9PQ==/accept?next_url=/link/ek94TDk4eXdUMG1Wd1lFT09KeE14M24zUEFqaTdLMVZnMHQya05WaUVaMXhOQTY0RVdWSHU4dW1kZ1dkdjJrM0NSVEVLdUozOXQwbGJIa0g1YkR1a0E9PQ==/accept\" target=\"_blank\">acepto formar parte del equipo</a>.</p><p style=\"Margin-top:0;color:#565656;font-family:Georgia,serif;font-size:16px;line-height:25px;Margin-bottom:25px\">Por otro lado, si no deseas o no puedes formar parte de <strong style=\"font-weight:bold\">&quot;San Lorenzo&quot;</strong>, por favor haz click en <a style=\"text-decoration:underline;color:#41637e\" href=\"http://127.0.0.1:5001/user/registration/VW9tU2p5RTV4S1hrS2NsZG9yS3A1ZzltSzN0aXZWclFLdWRZd3p6SkhsdmVCWnovVVJ2TXlBN3F4dzl6WG9BZE9SS3R5akUyR3NBNEZ3TTNiQ25ab1E9PQ==/reject?next_url=/link/ek94TDk4eXdUMG1Wd1lFT09KeE14M24zUEFqaTdLMVZnMHQya05WaUVaMXhOQTY0RVdWSHU4dW1kZ1dkdjJrM0NSVEVLdUozOXQwbGJIa0g1YkR1a0E9PQ==/reject\" target=\"_blank\">NO acepto formar parte del equipo\n</a>.</p><p style=\"Margin-top:0;color:#565656;font-family:Georgia,serif;font-size:16px;line-height:25px;Margin-bottom:25px\">Pasadas 48hs de recibido este aviso la solicitud quedará sin efecto.</p><p style=\"Margin-top:0;color:#565656;font-family:Georgia,serif;font-size:16px;line-height:25px;Margin-bottom:25px\"> </p>\n          \n                            </td>\n                          </tr>\n                        </tbody></table>\n                      \n                        <table style=\"border-collapse:collapse;border-spacing:0;width:100%\">\n                          <tbody><tr>\n                            <td style=\"padding:0;vertical-align:top;padding-left:32px;padding-right:32px\">\n                              \n            <table style=\"border-collapse:collapse;border-spacing:0;width:100%\"><tbody><tr><td style=\"padding:0;vertical-align:top;padding-bottom:24px\" align=\"center\">\n              <table style=\"border-collapse:collapse;border-spacing:0;background-color:#e9e9e9;font-size:2px;line-height:2px;width:60px\">\n                <tbody><tr><td style=\"padding:0;vertical-align:top\"> </td></tr>\n              </tbody></table>\n            </td></tr></tbody></table>\n          \n                            </td>\n                          </tr>\n                        </tbody></table>\n                      \n                        <table style=\"border-collapse:collapse;border-spacing:0;width:100%\">\n                          <tbody><tr>\n                            <td style=\"padding:0;vertical-align:top;padding-left:32px;padding-right:32px\">\n                              \n            <p style=\"Margin-top:0;color:#565656;font-family:Georgia,serif;font-size:16px;line-height:25px;Margin-bottom:25px\"><a href=\"http://granliga.com\" target=\"_blank\">granliga.com</a> (R) es un gestor integral de torneos de fútbol.<br>\nTe invitamos a <a style=\"text-decoration:underline;color:#41637e\" href=\"http://www.granliga.com\" target=\"_blank\">www.granliga.com</a>  para que conozcas más</p><p style=\"Margin-top:0;color:#565656;font-family:Georgia,serif;font-size:16px;line-height:25px;Margin-bottom:24px\"> </p>\n          \n                            </td>\n                          </tr>\n                        </tbody></table>\n                      \n                      <div style=\"font-size:8px;line-height:8px\"> </div>\n                    </td>\n                  </tr>\n                </tbody></table>\n              </td>\n              <td style=\"padding:0;vertical-align:top;font-size:1px;line-height:1px;background-color:#e9e9e9;width:1px\">​</td>\n            </tr>\n          </tbody></table>\n        \n          <table style=\"border-collapse:collapse;border-spacing:0;font-size:1px;line-height:1px;background-color:#e9e9e9;Margin-left:auto;Margin-right:auto\" width=\"602\">\n            <tbody><tr><td style=\"padding:0;vertical-align:top\">​</td></tr>\n          </tbody></table>\n\n      </tbody></table>\n    </center>\n  <img style=\"border:0!important;height:1px!important;width:1px!important;margin:0!important;padding:0!important\" src=\"http://createsend1.com/t/t-o-tyutijl-l/o.gif\" width=\"1\" height=\"1\" border=\"0\" alt=\"\">\n\n<div></div>\n\n\n\n\n</div>\n</body></html>',NULL,NULL),(21,17,'[\"2\", \"nicolas.reynoso@gmail.com\", \"Nicol\\u00e1s Alejo Reynoso\"]','[[\"17\", \"sl3@gmail.com\", \" \"]]','Solicitud jugador en el equipo San Lorenzo','<!DOCTYPE HTML PUBLIC \"-//W3C//DTD HTML 4.01 Transitional//EN\"><html><head><META http-equiv=\"Content-Type\" content=\"text/html; charset=utf-8\"></head><body>\n\n    \n    \n    \n    \n  \n\n\n\n  <div style=\"margin:0;padding:0;min-width:100%;background-color:#fbfbfb\">\n    <center style=\"display:table;table-layout:fixed;width:100%;min-width:620px;background-color:#fbfbfb\">\n      <table style=\"border-collapse:collapse;border-spacing:0;width:650px;min-width:650px\"><tbody><tr><td style=\"padding:0;vertical-align:top;font-size:1px;line-height:1px\"> </td></tr></tbody></table>\n      <table style=\"border-collapse:collapse;border-spacing:0;Margin-left:auto;Margin-right:auto\">\n        <tbody><tr>\n          <td style=\"padding:0;vertical-align:top\">\n            <table style=\"border-collapse:collapse;border-spacing:0;width:602px\">\n              <tbody><tr>\n                \n                <td style=\"padding:0;vertical-align:top;padding-top:10px;padding-bottom:12px;font-size:12px;line-height:21px;text-align:right;width:300px;color:#999;font-family:Georgia,serif\">\n                  No ves las Imágenes? <a style=\"text-decoration:none;color:#999;font-weight:bold\" href=\"#\" target=\"_blank\">Hacé click aquí</a>\n                </td>\n              </tr>\n            </tbody></table>\n          </td>\n        </tr>\n      </tbody></table>\n      <table style=\"border-collapse:collapse;border-spacing:0;Margin-left:auto;Margin-right:auto;width:602px\">\n        <tbody><tr><td style=\"padding:0;vertical-align:top;font-size:1px;line-height:1px;background-color:#e9e9e9;width:1px\"> </td></tr>\n        <tr><td style=\"padding:32px 0;vertical-align:top\"><div style=\"font-size:26px;font-weight:700;letter-spacing:-0.02em;line-height:32px;color:#41637e;font-family:sans-serif\" align=\"left\"><img style=\"border:0;display:block;max-width:325px\" src=\"http://granliga.com/static/img/logos/3.png\" alt=\"\" width=\"217\" height=\"92\"></div></td></tr>\n      </tbody></table>\n      \n          <table style=\"border-collapse:collapse;border-spacing:0;font-size:1px;line-height:1px;background-color:#e9e9e9;Margin-left:auto;Margin-right:auto\" width=\"602\">\n            <tbody><tr><td style=\"padding:0;vertical-align:top\">​</td></tr>\n          </tbody></table>\n        \n          <table style=\"border-collapse:collapse;border-spacing:0;Margin-left:auto;Margin-right:auto\">\n            <tbody><tr>\n              <td style=\"padding:0;vertical-align:top;font-size:1px;line-height:1px;background-color:#e9e9e9;width:1px\">​</td>\n              <td style=\"padding:0;vertical-align:top\">\n                <table style=\"border-collapse:collapse;border-spacing:0;Margin-left:auto;Margin-right:auto;width:600px;background-color:#ffffff;font-size:14px\">\n                  <tbody><tr>\n                    <td style=\"padding:0;vertical-align:top;text-align:left\">\n                      \n              <div style=\"font-size:12px;Margin-bottom:24px;color:#565656;font-family:Georgia,serif\" align=\"center\">\n                <img style=\"border:0;display:block;max-width:128px\" src=\"http://i1.createsend1.com/ei/t/60/9F3/20E/004835/csfinal/1422560508_soccer_5.png\" alt=\"\" width=\"128\" height=\"128\">\n              </div>\n            \n                        <table style=\"border-collapse:collapse;border-spacing:0;width:100%\">\n                          <tbody><tr>\n                            <td style=\"padding:0;vertical-align:top;padding-left:32px;padding-right:32px\">\n                              \n            <h1 style=\"Margin-top:0;color:#565656;font-weight:700;font-size:36px;Margin-bottom:18px;font-family:sans-serif;line-height:42px\">sl3@gmail.com,</h1><p style=\"Margin-top:0;color:#565656;font-family:Georgia,serif;font-size:16px;line-height:25px;Margin-bottom:25px\">Nicolás Alejo Reynoso, responsable del equipo &quot;<strong style=\"font-weight:bold\">San Lorenzo</strong>&quot;<strong style=\"font-weight:bold\">, </strong>te invita a que formes parte del equipo!!!</p><p style=\"Margin-top:0;color:#565656;font-family:Georgia,serif;font-size:16px;line-height:25px;Margin-bottom:25px\">El próximo 01/04/2015 está iniciando el torneo <strong style=\"font-weight:bold\">El torneo de tu vida</strong> en La mejor cancha de tu vida, en Heredia 550, Capital Federal, Buenos Aires. </p><p style=\"Margin-top:0;color:#565656;font-family:Georgia,serif;font-size:16px;line-height:25px;Margin-bottom:25px\">Se trata de un torneo del formato todos contra todos, que se disputará los días Martes mayormente (puede haber algún cambio de días, preavisados).</p><p style=\"Margin-top:0;color:#565656;font-family:Georgia,serif;font-size:16px;line-height:25px;Margin-bottom:25px\">Si quieres formar parte del equipo <strong style=\"font-weight:bold\">&quot;San Lorenzo&quot;</strong> haz click en <a style=\"text-decoration:underline;color:#41637e\" href=\"http://127.0.0.1:5001/user/registration/ZE5nMEM4ZklPWG44L1Y1ZnJVVkdvajNSNTVRSE5sdEdOOTVNSzM1YmEyN01IUXJMRzI1QThGNUM0WktvRDJ0SEdUNlJiMTVPZVpWczQ4ejhZUzBOYWc9PQ==/accept?next_url=/link/VEZvNWNCaE1FcVVYNjJoMkRwTXVLdTlhbElCclU3WE81Z1M2MU5ZOFpuSUw1bzFvOFk4ZXVNdG5oWEw2MDQwdUtUZmRpKzVZdXZ3Smk0U0ZvMjVrM3c9PQ==/accept\" target=\"_blank\">acepto formar parte del equipo</a>.</p><p style=\"Margin-top:0;color:#565656;font-family:Georgia,serif;font-size:16px;line-height:25px;Margin-bottom:25px\">Por otro lado, si no deseas o no puedes formar parte de <strong style=\"font-weight:bold\">&quot;San Lorenzo&quot;</strong>, por favor haz click en <a style=\"text-decoration:underline;color:#41637e\" href=\"http://127.0.0.1:5001/user/registration/ZE5nMEM4ZklPWG44L1Y1ZnJVVkdvajNSNTVRSE5sdEdOOTVNSzM1YmEyN01IUXJMRzI1QThGNUM0WktvRDJ0SEdUNlJiMTVPZVpWczQ4ejhZUzBOYWc9PQ==/reject?next_url=/link/VEZvNWNCaE1FcVVYNjJoMkRwTXVLdTlhbElCclU3WE81Z1M2MU5ZOFpuSUw1bzFvOFk4ZXVNdG5oWEw2MDQwdUtUZmRpKzVZdXZ3Smk0U0ZvMjVrM3c9PQ==/reject\" target=\"_blank\">NO acepto formar parte del equipo\n</a>.</p><p style=\"Margin-top:0;color:#565656;font-family:Georgia,serif;font-size:16px;line-height:25px;Margin-bottom:25px\">Pasadas 48hs de recibido este aviso la solicitud quedará sin efecto.</p><p style=\"Margin-top:0;color:#565656;font-family:Georgia,serif;font-size:16px;line-height:25px;Margin-bottom:25px\"> </p>\n          \n                            </td>\n                          </tr>\n                        </tbody></table>\n                      \n                        <table style=\"border-collapse:collapse;border-spacing:0;width:100%\">\n                          <tbody><tr>\n                            <td style=\"padding:0;vertical-align:top;padding-left:32px;padding-right:32px\">\n                              \n            <table style=\"border-collapse:collapse;border-spacing:0;width:100%\"><tbody><tr><td style=\"padding:0;vertical-align:top;padding-bottom:24px\" align=\"center\">\n              <table style=\"border-collapse:collapse;border-spacing:0;background-color:#e9e9e9;font-size:2px;line-height:2px;width:60px\">\n                <tbody><tr><td style=\"padding:0;vertical-align:top\"> </td></tr>\n              </tbody></table>\n            </td></tr></tbody></table>\n          \n                            </td>\n                          </tr>\n                        </tbody></table>\n                      \n                        <table style=\"border-collapse:collapse;border-spacing:0;width:100%\">\n                          <tbody><tr>\n                            <td style=\"padding:0;vertical-align:top;padding-left:32px;padding-right:32px\">\n                              \n            <p style=\"Margin-top:0;color:#565656;font-family:Georgia,serif;font-size:16px;line-height:25px;Margin-bottom:25px\"><a href=\"http://granliga.com\" target=\"_blank\">granliga.com</a> (R) es un gestor integral de torneos de fútbol.<br>\nTe invitamos a <a style=\"text-decoration:underline;color:#41637e\" href=\"http://www.granliga.com\" target=\"_blank\">www.granliga.com</a>  para que conozcas más</p><p style=\"Margin-top:0;color:#565656;font-family:Georgia,serif;font-size:16px;line-height:25px;Margin-bottom:24px\"> </p>\n          \n                            </td>\n                          </tr>\n                        </tbody></table>\n                      \n                      <div style=\"font-size:8px;line-height:8px\"> </div>\n                    </td>\n                  </tr>\n                </tbody></table>\n              </td>\n              <td style=\"padding:0;vertical-align:top;font-size:1px;line-height:1px;background-color:#e9e9e9;width:1px\">​</td>\n            </tr>\n          </tbody></table>\n        \n          <table style=\"border-collapse:collapse;border-spacing:0;font-size:1px;line-height:1px;background-color:#e9e9e9;Margin-left:auto;Margin-right:auto\" width=\"602\">\n            <tbody><tr><td style=\"padding:0;vertical-align:top\">​</td></tr>\n          </tbody></table>\n\n      </tbody></table>\n    </center>\n  <img style=\"border:0!important;height:1px!important;width:1px!important;margin:0!important;padding:0!important\" src=\"http://createsend1.com/t/t-o-tyutijl-l/o.gif\" width=\"1\" height=\"1\" border=\"0\" alt=\"\">\n\n<div></div>\n\n\n\n\n</div>\n</body></html>',NULL,NULL),(22,18,'[\"2\", \"nicolas.reynoso@gmail.com\", \"Nicol\\u00e1s Alejo Reynoso\"]','[[\"18\", \"sl4@gmail.com\", \" \"]]','Solicitud jugador en el equipo San Lorenzo','<!DOCTYPE HTML PUBLIC \"-//W3C//DTD HTML 4.01 Transitional//EN\"><html><head><META http-equiv=\"Content-Type\" content=\"text/html; charset=utf-8\"></head><body>\n\n    \n    \n    \n    \n  \n\n\n\n  <div style=\"margin:0;padding:0;min-width:100%;background-color:#fbfbfb\">\n    <center style=\"display:table;table-layout:fixed;width:100%;min-width:620px;background-color:#fbfbfb\">\n      <table style=\"border-collapse:collapse;border-spacing:0;width:650px;min-width:650px\"><tbody><tr><td style=\"padding:0;vertical-align:top;font-size:1px;line-height:1px\"> </td></tr></tbody></table>\n      <table style=\"border-collapse:collapse;border-spacing:0;Margin-left:auto;Margin-right:auto\">\n        <tbody><tr>\n          <td style=\"padding:0;vertical-align:top\">\n            <table style=\"border-collapse:collapse;border-spacing:0;width:602px\">\n              <tbody><tr>\n                \n                <td style=\"padding:0;vertical-align:top;padding-top:10px;padding-bottom:12px;font-size:12px;line-height:21px;text-align:right;width:300px;color:#999;font-family:Georgia,serif\">\n                  No ves las Imágenes? <a style=\"text-decoration:none;color:#999;font-weight:bold\" href=\"#\" target=\"_blank\">Hacé click aquí</a>\n                </td>\n              </tr>\n            </tbody></table>\n          </td>\n        </tr>\n      </tbody></table>\n      <table style=\"border-collapse:collapse;border-spacing:0;Margin-left:auto;Margin-right:auto;width:602px\">\n        <tbody><tr><td style=\"padding:0;vertical-align:top;font-size:1px;line-height:1px;background-color:#e9e9e9;width:1px\"> </td></tr>\n        <tr><td style=\"padding:32px 0;vertical-align:top\"><div style=\"font-size:26px;font-weight:700;letter-spacing:-0.02em;line-height:32px;color:#41637e;font-family:sans-serif\" align=\"left\"><img style=\"border:0;display:block;max-width:325px\" src=\"http://granliga.com/static/img/logos/3.png\" alt=\"\" width=\"217\" height=\"92\"></div></td></tr>\n      </tbody></table>\n      \n          <table style=\"border-collapse:collapse;border-spacing:0;font-size:1px;line-height:1px;background-color:#e9e9e9;Margin-left:auto;Margin-right:auto\" width=\"602\">\n            <tbody><tr><td style=\"padding:0;vertical-align:top\">​</td></tr>\n          </tbody></table>\n        \n          <table style=\"border-collapse:collapse;border-spacing:0;Margin-left:auto;Margin-right:auto\">\n            <tbody><tr>\n              <td style=\"padding:0;vertical-align:top;font-size:1px;line-height:1px;background-color:#e9e9e9;width:1px\">​</td>\n              <td style=\"padding:0;vertical-align:top\">\n                <table style=\"border-collapse:collapse;border-spacing:0;Margin-left:auto;Margin-right:auto;width:600px;background-color:#ffffff;font-size:14px\">\n                  <tbody><tr>\n                    <td style=\"padding:0;vertical-align:top;text-align:left\">\n                      \n              <div style=\"font-size:12px;Margin-bottom:24px;color:#565656;font-family:Georgia,serif\" align=\"center\">\n                <img style=\"border:0;display:block;max-width:128px\" src=\"http://i1.createsend1.com/ei/t/60/9F3/20E/004835/csfinal/1422560508_soccer_5.png\" alt=\"\" width=\"128\" height=\"128\">\n              </div>\n            \n                        <table style=\"border-collapse:collapse;border-spacing:0;width:100%\">\n                          <tbody><tr>\n                            <td style=\"padding:0;vertical-align:top;padding-left:32px;padding-right:32px\">\n                              \n            <h1 style=\"Margin-top:0;color:#565656;font-weight:700;font-size:36px;Margin-bottom:18px;font-family:sans-serif;line-height:42px\">sl4@gmail.com,</h1><p style=\"Margin-top:0;color:#565656;font-family:Georgia,serif;font-size:16px;line-height:25px;Margin-bottom:25px\">Nicolás Alejo Reynoso, responsable del equipo &quot;<strong style=\"font-weight:bold\">San Lorenzo</strong>&quot;<strong style=\"font-weight:bold\">, </strong>te invita a que formes parte del equipo!!!</p><p style=\"Margin-top:0;color:#565656;font-family:Georgia,serif;font-size:16px;line-height:25px;Margin-bottom:25px\">El próximo 01/04/2015 está iniciando el torneo <strong style=\"font-weight:bold\">El torneo de tu vida</strong> en La mejor cancha de tu vida, en Heredia 550, Capital Federal, Buenos Aires. </p><p style=\"Margin-top:0;color:#565656;font-family:Georgia,serif;font-size:16px;line-height:25px;Margin-bottom:25px\">Se trata de un torneo del formato todos contra todos, que se disputará los días Martes mayormente (puede haber algún cambio de días, preavisados).</p><p style=\"Margin-top:0;color:#565656;font-family:Georgia,serif;font-size:16px;line-height:25px;Margin-bottom:25px\">Si quieres formar parte del equipo <strong style=\"font-weight:bold\">&quot;San Lorenzo&quot;</strong> haz click en <a style=\"text-decoration:underline;color:#41637e\" href=\"http://127.0.0.1:5001/user/registration/cFY0OVZSRk5xbGl4SVd1d1JkcUt4T0xMNFpFRm5XY0QxRDBwWERYNXZtZC9mK29yQytON3pTMUlLMWh4YlJvbG1aY0RDdTd4bGpJd0J0OWN6bDRMT3c9PQ==/accept?next_url=/link/WFJHVGFIM0lSWGxBb2g4TVJDMW1MYk1ZeHkyb0pYdkZvNXkvTnZhbllGTTVtSkJ4anBiSWVmZU11QzNxV0tVeUgybEs1Vk9wR3BJZHI5OGlNSUo2Umc9PQ==/accept\" target=\"_blank\">acepto formar parte del equipo</a>.</p><p style=\"Margin-top:0;color:#565656;font-family:Georgia,serif;font-size:16px;line-height:25px;Margin-bottom:25px\">Por otro lado, si no deseas o no puedes formar parte de <strong style=\"font-weight:bold\">&quot;San Lorenzo&quot;</strong>, por favor haz click en <a style=\"text-decoration:underline;color:#41637e\" href=\"http://127.0.0.1:5001/user/registration/cFY0OVZSRk5xbGl4SVd1d1JkcUt4T0xMNFpFRm5XY0QxRDBwWERYNXZtZC9mK29yQytON3pTMUlLMWh4YlJvbG1aY0RDdTd4bGpJd0J0OWN6bDRMT3c9PQ==/reject?next_url=/link/WFJHVGFIM0lSWGxBb2g4TVJDMW1MYk1ZeHkyb0pYdkZvNXkvTnZhbllGTTVtSkJ4anBiSWVmZU11QzNxV0tVeUgybEs1Vk9wR3BJZHI5OGlNSUo2Umc9PQ==/reject\" target=\"_blank\">NO acepto formar parte del equipo\n</a>.</p><p style=\"Margin-top:0;color:#565656;font-family:Georgia,serif;font-size:16px;line-height:25px;Margin-bottom:25px\">Pasadas 48hs de recibido este aviso la solicitud quedará sin efecto.</p><p style=\"Margin-top:0;color:#565656;font-family:Georgia,serif;font-size:16px;line-height:25px;Margin-bottom:25px\"> </p>\n          \n                            </td>\n                          </tr>\n                        </tbody></table>\n                      \n                        <table style=\"border-collapse:collapse;border-spacing:0;width:100%\">\n                          <tbody><tr>\n                            <td style=\"padding:0;vertical-align:top;padding-left:32px;padding-right:32px\">\n                              \n            <table style=\"border-collapse:collapse;border-spacing:0;width:100%\"><tbody><tr><td style=\"padding:0;vertical-align:top;padding-bottom:24px\" align=\"center\">\n              <table style=\"border-collapse:collapse;border-spacing:0;background-color:#e9e9e9;font-size:2px;line-height:2px;width:60px\">\n                <tbody><tr><td style=\"padding:0;vertical-align:top\"> </td></tr>\n              </tbody></table>\n            </td></tr></tbody></table>\n          \n                            </td>\n                          </tr>\n                        </tbody></table>\n                      \n                        <table style=\"border-collapse:collapse;border-spacing:0;width:100%\">\n                          <tbody><tr>\n                            <td style=\"padding:0;vertical-align:top;padding-left:32px;padding-right:32px\">\n                              \n            <p style=\"Margin-top:0;color:#565656;font-family:Georgia,serif;font-size:16px;line-height:25px;Margin-bottom:25px\"><a href=\"http://granliga.com\" target=\"_blank\">granliga.com</a> (R) es un gestor integral de torneos de fútbol.<br>\nTe invitamos a <a style=\"text-decoration:underline;color:#41637e\" href=\"http://www.granliga.com\" target=\"_blank\">www.granliga.com</a>  para que conozcas más</p><p style=\"Margin-top:0;color:#565656;font-family:Georgia,serif;font-size:16px;line-height:25px;Margin-bottom:24px\"> </p>\n          \n                            </td>\n                          </tr>\n                        </tbody></table>\n                      \n                      <div style=\"font-size:8px;line-height:8px\"> </div>\n                    </td>\n                  </tr>\n                </tbody></table>\n              </td>\n              <td style=\"padding:0;vertical-align:top;font-size:1px;line-height:1px;background-color:#e9e9e9;width:1px\">​</td>\n            </tr>\n          </tbody></table>\n        \n          <table style=\"border-collapse:collapse;border-spacing:0;font-size:1px;line-height:1px;background-color:#e9e9e9;Margin-left:auto;Margin-right:auto\" width=\"602\">\n            <tbody><tr><td style=\"padding:0;vertical-align:top\">​</td></tr>\n          </tbody></table>\n\n      </tbody></table>\n    </center>\n  <img style=\"border:0!important;height:1px!important;width:1px!important;margin:0!important;padding:0!important\" src=\"http://createsend1.com/t/t-o-tyutijl-l/o.gif\" width=\"1\" height=\"1\" border=\"0\" alt=\"\">\n\n<div></div>\n\n\n\n\n</div>\n</body></html>',NULL,NULL),(23,19,'[\"2\", \"nicolas.reynoso@gmail.com\", \"Nicol\\u00e1s Alejo Reynoso\"]','[[\"19\", \"mussis@gmail.com\", \" \"]]','Solicitud jugador en el equipo San Lorenzo','<!DOCTYPE HTML PUBLIC \"-//W3C//DTD HTML 4.01 Transitional//EN\"><html><head><META http-equiv=\"Content-Type\" content=\"text/html; charset=utf-8\"></head><body>\n\n    \n    \n    \n    \n  \n\n\n\n  <div style=\"margin:0;padding:0;min-width:100%;background-color:#fbfbfb\">\n    <center style=\"display:table;table-layout:fixed;width:100%;min-width:620px;background-color:#fbfbfb\">\n      <table style=\"border-collapse:collapse;border-spacing:0;width:650px;min-width:650px\"><tbody><tr><td style=\"padding:0;vertical-align:top;font-size:1px;line-height:1px\"> </td></tr></tbody></table>\n      <table style=\"border-collapse:collapse;border-spacing:0;Margin-left:auto;Margin-right:auto\">\n        <tbody><tr>\n          <td style=\"padding:0;vertical-align:top\">\n            <table style=\"border-collapse:collapse;border-spacing:0;width:602px\">\n              <tbody><tr>\n                \n                <td style=\"padding:0;vertical-align:top;padding-top:10px;padding-bottom:12px;font-size:12px;line-height:21px;text-align:right;width:300px;color:#999;font-family:Georgia,serif\">\n                  No ves las Imágenes? <a style=\"text-decoration:none;color:#999;font-weight:bold\" href=\"#\" target=\"_blank\">Hacé click aquí</a>\n                </td>\n              </tr>\n            </tbody></table>\n          </td>\n        </tr>\n      </tbody></table>\n      <table style=\"border-collapse:collapse;border-spacing:0;Margin-left:auto;Margin-right:auto;width:602px\">\n        <tbody><tr><td style=\"padding:0;vertical-align:top;font-size:1px;line-height:1px;background-color:#e9e9e9;width:1px\"> </td></tr>\n        <tr><td style=\"padding:32px 0;vertical-align:top\"><div style=\"font-size:26px;font-weight:700;letter-spacing:-0.02em;line-height:32px;color:#41637e;font-family:sans-serif\" align=\"left\"><img style=\"border:0;display:block;max-width:325px\" src=\"http://granliga.com/static/img/logos/3.png\" alt=\"\" width=\"217\" height=\"92\"></div></td></tr>\n      </tbody></table>\n      \n          <table style=\"border-collapse:collapse;border-spacing:0;font-size:1px;line-height:1px;background-color:#e9e9e9;Margin-left:auto;Margin-right:auto\" width=\"602\">\n            <tbody><tr><td style=\"padding:0;vertical-align:top\">​</td></tr>\n          </tbody></table>\n        \n          <table style=\"border-collapse:collapse;border-spacing:0;Margin-left:auto;Margin-right:auto\">\n            <tbody><tr>\n              <td style=\"padding:0;vertical-align:top;font-size:1px;line-height:1px;background-color:#e9e9e9;width:1px\">​</td>\n              <td style=\"padding:0;vertical-align:top\">\n                <table style=\"border-collapse:collapse;border-spacing:0;Margin-left:auto;Margin-right:auto;width:600px;background-color:#ffffff;font-size:14px\">\n                  <tbody><tr>\n                    <td style=\"padding:0;vertical-align:top;text-align:left\">\n                      \n              <div style=\"font-size:12px;Margin-bottom:24px;color:#565656;font-family:Georgia,serif\" align=\"center\">\n                <img style=\"border:0;display:block;max-width:128px\" src=\"http://i1.createsend1.com/ei/t/60/9F3/20E/004835/csfinal/1422560508_soccer_5.png\" alt=\"\" width=\"128\" height=\"128\">\n              </div>\n            \n                        <table style=\"border-collapse:collapse;border-spacing:0;width:100%\">\n                          <tbody><tr>\n                            <td style=\"padding:0;vertical-align:top;padding-left:32px;padding-right:32px\">\n                              \n            <h1 style=\"Margin-top:0;color:#565656;font-weight:700;font-size:36px;Margin-bottom:18px;font-family:sans-serif;line-height:42px\">mussis@gmail.com,</h1><p style=\"Margin-top:0;color:#565656;font-family:Georgia,serif;font-size:16px;line-height:25px;Margin-bottom:25px\">Nicolás Alejo Reynoso, responsable del equipo &quot;<strong style=\"font-weight:bold\">San Lorenzo</strong>&quot;<strong style=\"font-weight:bold\">, </strong>te invita a que formes parte del equipo!!!</p><p style=\"Margin-top:0;color:#565656;font-family:Georgia,serif;font-size:16px;line-height:25px;Margin-bottom:25px\">El próximo 01/04/2015 está iniciando el torneo <strong style=\"font-weight:bold\">El torneo de tu vida</strong> en La mejor cancha de tu vida, en Heredia 550, Capital Federal, Buenos Aires. </p><p style=\"Margin-top:0;color:#565656;font-family:Georgia,serif;font-size:16px;line-height:25px;Margin-bottom:25px\">Se trata de un torneo del formato todos contra todos, que se disputará los días Martes mayormente (puede haber algún cambio de días, preavisados).</p><p style=\"Margin-top:0;color:#565656;font-family:Georgia,serif;font-size:16px;line-height:25px;Margin-bottom:25px\">Si quieres formar parte del equipo <strong style=\"font-weight:bold\">&quot;San Lorenzo&quot;</strong> haz click en <a style=\"text-decoration:underline;color:#41637e\" href=\"http://127.0.0.1:5001/user/registration/L3RMVzRtN1hseW0yMlJKR21QZzJnblFxNGdydmdscDRvTzVncjQ2MjBnQ3Mzd1hmN2pqd0hkN2p5RVh6WWlvMm5tRnVlVnJtTmRRVHVwL0YzdWdYYlE9PQ==/accept?next_url=/link/MU1RWVFaRUxISEtZNGtZYTBDcUtSd1dRRThXQXJyVXkrSkFDMy9mTmk4VnlBTFBwYzBLcUZGREJ6cVlIVWdTd2RKdzNSTE85YytldXFrdEo5U0tqd2c9PQ==/accept\" target=\"_blank\">acepto formar parte del equipo</a>.</p><p style=\"Margin-top:0;color:#565656;font-family:Georgia,serif;font-size:16px;line-height:25px;Margin-bottom:25px\">Por otro lado, si no deseas o no puedes formar parte de <strong style=\"font-weight:bold\">&quot;San Lorenzo&quot;</strong>, por favor haz click en <a style=\"text-decoration:underline;color:#41637e\" href=\"http://127.0.0.1:5001/user/registration/L3RMVzRtN1hseW0yMlJKR21QZzJnblFxNGdydmdscDRvTzVncjQ2MjBnQ3Mzd1hmN2pqd0hkN2p5RVh6WWlvMm5tRnVlVnJtTmRRVHVwL0YzdWdYYlE9PQ==/reject?next_url=/link/MU1RWVFaRUxISEtZNGtZYTBDcUtSd1dRRThXQXJyVXkrSkFDMy9mTmk4VnlBTFBwYzBLcUZGREJ6cVlIVWdTd2RKdzNSTE85YytldXFrdEo5U0tqd2c9PQ==/reject\" target=\"_blank\">NO acepto formar parte del equipo\n</a>.</p><p style=\"Margin-top:0;color:#565656;font-family:Georgia,serif;font-size:16px;line-height:25px;Margin-bottom:25px\">Pasadas 48hs de recibido este aviso la solicitud quedará sin efecto.</p><p style=\"Margin-top:0;color:#565656;font-family:Georgia,serif;font-size:16px;line-height:25px;Margin-bottom:25px\"> </p>\n          \n                            </td>\n                          </tr>\n                        </tbody></table>\n                      \n                        <table style=\"border-collapse:collapse;border-spacing:0;width:100%\">\n                          <tbody><tr>\n                            <td style=\"padding:0;vertical-align:top;padding-left:32px;padding-right:32px\">\n                              \n            <table style=\"border-collapse:collapse;border-spacing:0;width:100%\"><tbody><tr><td style=\"padding:0;vertical-align:top;padding-bottom:24px\" align=\"center\">\n              <table style=\"border-collapse:collapse;border-spacing:0;background-color:#e9e9e9;font-size:2px;line-height:2px;width:60px\">\n                <tbody><tr><td style=\"padding:0;vertical-align:top\"> </td></tr>\n              </tbody></table>\n            </td></tr></tbody></table>\n          \n                            </td>\n                          </tr>\n                        </tbody></table>\n                      \n                        <table style=\"border-collapse:collapse;border-spacing:0;width:100%\">\n                          <tbody><tr>\n                            <td style=\"padding:0;vertical-align:top;padding-left:32px;padding-right:32px\">\n                              \n            <p style=\"Margin-top:0;color:#565656;font-family:Georgia,serif;font-size:16px;line-height:25px;Margin-bottom:25px\"><a href=\"http://granliga.com\" target=\"_blank\">granliga.com</a> (R) es un gestor integral de torneos de fútbol.<br>\nTe invitamos a <a style=\"text-decoration:underline;color:#41637e\" href=\"http://www.granliga.com\" target=\"_blank\">www.granliga.com</a>  para que conozcas más</p><p style=\"Margin-top:0;color:#565656;font-family:Georgia,serif;font-size:16px;line-height:25px;Margin-bottom:24px\"> </p>\n          \n                            </td>\n                          </tr>\n                        </tbody></table>\n                      \n                      <div style=\"font-size:8px;line-height:8px\"> </div>\n                    </td>\n                  </tr>\n                </tbody></table>\n              </td>\n              <td style=\"padding:0;vertical-align:top;font-size:1px;line-height:1px;background-color:#e9e9e9;width:1px\">​</td>\n            </tr>\n          </tbody></table>\n        \n          <table style=\"border-collapse:collapse;border-spacing:0;font-size:1px;line-height:1px;background-color:#e9e9e9;Margin-left:auto;Margin-right:auto\" width=\"602\">\n            <tbody><tr><td style=\"padding:0;vertical-align:top\">​</td></tr>\n          </tbody></table>\n\n      </tbody></table>\n    </center>\n  <img style=\"border:0!important;height:1px!important;width:1px!important;margin:0!important;padding:0!important\" src=\"http://createsend1.com/t/t-o-tyutijl-l/o.gif\" width=\"1\" height=\"1\" border=\"0\" alt=\"\">\n\n<div></div>\n\n\n\n\n</div>\n</body></html>',NULL,NULL),(24,20,'[\"2\", \"nicolas.reynoso@gmail.com\", \"Nicol\\u00e1s Alejo Reynoso\"]','[[\"20\", \"aguero@gmail.com\", \" \"]]','Solicitud jugador en el equipo Independiente','<!DOCTYPE HTML PUBLIC \"-//W3C//DTD HTML 4.01 Transitional//EN\"><html><head><META http-equiv=\"Content-Type\" content=\"text/html; charset=utf-8\"></head><body>\n\n    \n    \n    \n    \n  \n\n\n\n  <div style=\"margin:0;padding:0;min-width:100%;background-color:#fbfbfb\">\n    <center style=\"display:table;table-layout:fixed;width:100%;min-width:620px;background-color:#fbfbfb\">\n      <table style=\"border-collapse:collapse;border-spacing:0;width:650px;min-width:650px\"><tbody><tr><td style=\"padding:0;vertical-align:top;font-size:1px;line-height:1px\"> </td></tr></tbody></table>\n      <table style=\"border-collapse:collapse;border-spacing:0;Margin-left:auto;Margin-right:auto\">\n        <tbody><tr>\n          <td style=\"padding:0;vertical-align:top\">\n            <table style=\"border-collapse:collapse;border-spacing:0;width:602px\">\n              <tbody><tr>\n                \n                <td style=\"padding:0;vertical-align:top;padding-top:10px;padding-bottom:12px;font-size:12px;line-height:21px;text-align:right;width:300px;color:#999;font-family:Georgia,serif\">\n                  No ves las Imágenes? <a style=\"text-decoration:none;color:#999;font-weight:bold\" href=\"#\" target=\"_blank\">Hacé click aquí</a>\n                </td>\n              </tr>\n            </tbody></table>\n          </td>\n        </tr>\n      </tbody></table>\n      <table style=\"border-collapse:collapse;border-spacing:0;Margin-left:auto;Margin-right:auto;width:602px\">\n        <tbody><tr><td style=\"padding:0;vertical-align:top;font-size:1px;line-height:1px;background-color:#e9e9e9;width:1px\"> </td></tr>\n        <tr><td style=\"padding:32px 0;vertical-align:top\"><div style=\"font-size:26px;font-weight:700;letter-spacing:-0.02em;line-height:32px;color:#41637e;font-family:sans-serif\" align=\"left\"><img style=\"border:0;display:block;max-width:325px\" src=\"http://granliga.com/static/img/logos/3.png\" alt=\"\" width=\"217\" height=\"92\"></div></td></tr>\n      </tbody></table>\n      \n          <table style=\"border-collapse:collapse;border-spacing:0;font-size:1px;line-height:1px;background-color:#e9e9e9;Margin-left:auto;Margin-right:auto\" width=\"602\">\n            <tbody><tr><td style=\"padding:0;vertical-align:top\">​</td></tr>\n          </tbody></table>\n        \n          <table style=\"border-collapse:collapse;border-spacing:0;Margin-left:auto;Margin-right:auto\">\n            <tbody><tr>\n              <td style=\"padding:0;vertical-align:top;font-size:1px;line-height:1px;background-color:#e9e9e9;width:1px\">​</td>\n              <td style=\"padding:0;vertical-align:top\">\n                <table style=\"border-collapse:collapse;border-spacing:0;Margin-left:auto;Margin-right:auto;width:600px;background-color:#ffffff;font-size:14px\">\n                  <tbody><tr>\n                    <td style=\"padding:0;vertical-align:top;text-align:left\">\n                      \n              <div style=\"font-size:12px;Margin-bottom:24px;color:#565656;font-family:Georgia,serif\" align=\"center\">\n                <img style=\"border:0;display:block;max-width:128px\" src=\"http://i1.createsend1.com/ei/t/60/9F3/20E/004835/csfinal/1422560508_soccer_5.png\" alt=\"\" width=\"128\" height=\"128\">\n              </div>\n            \n                        <table style=\"border-collapse:collapse;border-spacing:0;width:100%\">\n                          <tbody><tr>\n                            <td style=\"padding:0;vertical-align:top;padding-left:32px;padding-right:32px\">\n                              \n            <h1 style=\"Margin-top:0;color:#565656;font-weight:700;font-size:36px;Margin-bottom:18px;font-family:sans-serif;line-height:42px\">aguero@gmail.com,</h1><p style=\"Margin-top:0;color:#565656;font-family:Georgia,serif;font-size:16px;line-height:25px;Margin-bottom:25px\">Nicolás Alejo Reynoso, responsable del equipo &quot;<strong style=\"font-weight:bold\">Independiente</strong>&quot;<strong style=\"font-weight:bold\">, </strong>te invita a que formes parte del equipo!!!</p><p style=\"Margin-top:0;color:#565656;font-family:Georgia,serif;font-size:16px;line-height:25px;Margin-bottom:25px\">El próximo 01/04/2015 está iniciando el torneo <strong style=\"font-weight:bold\">El torneo de tu vida</strong> en La mejor cancha de tu vida, en Heredia 550, Capital Federal, Buenos Aires. </p><p style=\"Margin-top:0;color:#565656;font-family:Georgia,serif;font-size:16px;line-height:25px;Margin-bottom:25px\">Se trata de un torneo del formato todos contra todos, que se disputará los días Martes mayormente (puede haber algún cambio de días, preavisados).</p><p style=\"Margin-top:0;color:#565656;font-family:Georgia,serif;font-size:16px;line-height:25px;Margin-bottom:25px\">Si quieres formar parte del equipo <strong style=\"font-weight:bold\">&quot;Independiente&quot;</strong> haz click en <a style=\"text-decoration:underline;color:#41637e\" href=\"http://127.0.0.1:5001/user/registration/MCtPUVU5N1NzcmJ3K3dRK1ZVQzdkTjBSQU1jdVl5SUJQeGVvVkcrSkdrMWVzd2JDWjFQd21Wc2Q0T0Z2c0VjcWgxZ3FGTkVhRVVXd2NiM1hqV3psWGc9PQ==/accept?next_url=/link/NXVMZE9BN29QVGNVT2tucXQ4U2RtYnJHczBTR3A4VWtuUkNzSUFFYlNIZ1NXSk1MM0R3REw5SnBsSktVTWhLUlFpcCtSMVo0SVpNK0xRM1VGSi9hbkE9PQ==/accept\" target=\"_blank\">acepto formar parte del equipo</a>.</p><p style=\"Margin-top:0;color:#565656;font-family:Georgia,serif;font-size:16px;line-height:25px;Margin-bottom:25px\">Por otro lado, si no deseas o no puedes formar parte de <strong style=\"font-weight:bold\">&quot;Independiente&quot;</strong>, por favor haz click en <a style=\"text-decoration:underline;color:#41637e\" href=\"http://127.0.0.1:5001/user/registration/MCtPUVU5N1NzcmJ3K3dRK1ZVQzdkTjBSQU1jdVl5SUJQeGVvVkcrSkdrMWVzd2JDWjFQd21Wc2Q0T0Z2c0VjcWgxZ3FGTkVhRVVXd2NiM1hqV3psWGc9PQ==/reject?next_url=/link/NXVMZE9BN29QVGNVT2tucXQ4U2RtYnJHczBTR3A4VWtuUkNzSUFFYlNIZ1NXSk1MM0R3REw5SnBsSktVTWhLUlFpcCtSMVo0SVpNK0xRM1VGSi9hbkE9PQ==/reject\" target=\"_blank\">NO acepto formar parte del equipo\n</a>.</p><p style=\"Margin-top:0;color:#565656;font-family:Georgia,serif;font-size:16px;line-height:25px;Margin-bottom:25px\">Pasadas 48hs de recibido este aviso la solicitud quedará sin efecto.</p><p style=\"Margin-top:0;color:#565656;font-family:Georgia,serif;font-size:16px;line-height:25px;Margin-bottom:25px\"> </p>\n          \n                            </td>\n                          </tr>\n                        </tbody></table>\n                      \n                        <table style=\"border-collapse:collapse;border-spacing:0;width:100%\">\n                          <tbody><tr>\n                            <td style=\"padding:0;vertical-align:top;padding-left:32px;padding-right:32px\">\n                              \n            <table style=\"border-collapse:collapse;border-spacing:0;width:100%\"><tbody><tr><td style=\"padding:0;vertical-align:top;padding-bottom:24px\" align=\"center\">\n              <table style=\"border-collapse:collapse;border-spacing:0;background-color:#e9e9e9;font-size:2px;line-height:2px;width:60px\">\n                <tbody><tr><td style=\"padding:0;vertical-align:top\"> </td></tr>\n              </tbody></table>\n            </td></tr></tbody></table>\n          \n                            </td>\n                          </tr>\n                        </tbody></table>\n                      \n                        <table style=\"border-collapse:collapse;border-spacing:0;width:100%\">\n                          <tbody><tr>\n                            <td style=\"padding:0;vertical-align:top;padding-left:32px;padding-right:32px\">\n                              \n            <p style=\"Margin-top:0;color:#565656;font-family:Georgia,serif;font-size:16px;line-height:25px;Margin-bottom:25px\"><a href=\"http://granliga.com\" target=\"_blank\">granliga.com</a> (R) es un gestor integral de torneos de fútbol.<br>\nTe invitamos a <a style=\"text-decoration:underline;color:#41637e\" href=\"http://www.granliga.com\" target=\"_blank\">www.granliga.com</a>  para que conozcas más</p><p style=\"Margin-top:0;color:#565656;font-family:Georgia,serif;font-size:16px;line-height:25px;Margin-bottom:24px\"> </p>\n          \n                            </td>\n                          </tr>\n                        </tbody></table>\n                      \n                      <div style=\"font-size:8px;line-height:8px\"> </div>\n                    </td>\n                  </tr>\n                </tbody></table>\n              </td>\n              <td style=\"padding:0;vertical-align:top;font-size:1px;line-height:1px;background-color:#e9e9e9;width:1px\">​</td>\n            </tr>\n          </tbody></table>\n        \n          <table style=\"border-collapse:collapse;border-spacing:0;font-size:1px;line-height:1px;background-color:#e9e9e9;Margin-left:auto;Margin-right:auto\" width=\"602\">\n            <tbody><tr><td style=\"padding:0;vertical-align:top\">​</td></tr>\n          </tbody></table>\n\n      </tbody></table>\n    </center>\n  <img style=\"border:0!important;height:1px!important;width:1px!important;margin:0!important;padding:0!important\" src=\"http://createsend1.com/t/t-o-tyutijl-l/o.gif\" width=\"1\" height=\"1\" border=\"0\" alt=\"\">\n\n<div></div>\n\n\n\n\n</div>\n</body></html>',NULL,NULL),(25,21,'[\"2\", \"nicolas.reynoso@gmail.com\", \"Nicol\\u00e1s Alejo Reynoso\"]','[[\"21\", \"mancuello@gmail.com\", \" \"]]','Solicitud jugador en el equipo Independiente','<!DOCTYPE HTML PUBLIC \"-//W3C//DTD HTML 4.01 Transitional//EN\"><html><head><META http-equiv=\"Content-Type\" content=\"text/html; charset=utf-8\"></head><body>\n\n    \n    \n    \n    \n  \n\n\n\n  <div style=\"margin:0;padding:0;min-width:100%;background-color:#fbfbfb\">\n    <center style=\"display:table;table-layout:fixed;width:100%;min-width:620px;background-color:#fbfbfb\">\n      <table style=\"border-collapse:collapse;border-spacing:0;width:650px;min-width:650px\"><tbody><tr><td style=\"padding:0;vertical-align:top;font-size:1px;line-height:1px\"> </td></tr></tbody></table>\n      <table style=\"border-collapse:collapse;border-spacing:0;Margin-left:auto;Margin-right:auto\">\n        <tbody><tr>\n          <td style=\"padding:0;vertical-align:top\">\n            <table style=\"border-collapse:collapse;border-spacing:0;width:602px\">\n              <tbody><tr>\n                \n                <td style=\"padding:0;vertical-align:top;padding-top:10px;padding-bottom:12px;font-size:12px;line-height:21px;text-align:right;width:300px;color:#999;font-family:Georgia,serif\">\n                  No ves las Imágenes? <a style=\"text-decoration:none;color:#999;font-weight:bold\" href=\"#\" target=\"_blank\">Hacé click aquí</a>\n                </td>\n              </tr>\n            </tbody></table>\n          </td>\n        </tr>\n      </tbody></table>\n      <table style=\"border-collapse:collapse;border-spacing:0;Margin-left:auto;Margin-right:auto;width:602px\">\n        <tbody><tr><td style=\"padding:0;vertical-align:top;font-size:1px;line-height:1px;background-color:#e9e9e9;width:1px\"> </td></tr>\n        <tr><td style=\"padding:32px 0;vertical-align:top\"><div style=\"font-size:26px;font-weight:700;letter-spacing:-0.02em;line-height:32px;color:#41637e;font-family:sans-serif\" align=\"left\"><img style=\"border:0;display:block;max-width:325px\" src=\"http://granliga.com/static/img/logos/3.png\" alt=\"\" width=\"217\" height=\"92\"></div></td></tr>\n      </tbody></table>\n      \n          <table style=\"border-collapse:collapse;border-spacing:0;font-size:1px;line-height:1px;background-color:#e9e9e9;Margin-left:auto;Margin-right:auto\" width=\"602\">\n            <tbody><tr><td style=\"padding:0;vertical-align:top\">​</td></tr>\n          </tbody></table>\n        \n          <table style=\"border-collapse:collapse;border-spacing:0;Margin-left:auto;Margin-right:auto\">\n            <tbody><tr>\n              <td style=\"padding:0;vertical-align:top;font-size:1px;line-height:1px;background-color:#e9e9e9;width:1px\">​</td>\n              <td style=\"padding:0;vertical-align:top\">\n                <table style=\"border-collapse:collapse;border-spacing:0;Margin-left:auto;Margin-right:auto;width:600px;background-color:#ffffff;font-size:14px\">\n                  <tbody><tr>\n                    <td style=\"padding:0;vertical-align:top;text-align:left\">\n                      \n              <div style=\"font-size:12px;Margin-bottom:24px;color:#565656;font-family:Georgia,serif\" align=\"center\">\n                <img style=\"border:0;display:block;max-width:128px\" src=\"http://i1.createsend1.com/ei/t/60/9F3/20E/004835/csfinal/1422560508_soccer_5.png\" alt=\"\" width=\"128\" height=\"128\">\n              </div>\n            \n                        <table style=\"border-collapse:collapse;border-spacing:0;width:100%\">\n                          <tbody><tr>\n                            <td style=\"padding:0;vertical-align:top;padding-left:32px;padding-right:32px\">\n                              \n            <h1 style=\"Margin-top:0;color:#565656;font-weight:700;font-size:36px;Margin-bottom:18px;font-family:sans-serif;line-height:42px\">mancuello@gmail.com,</h1><p style=\"Margin-top:0;color:#565656;font-family:Georgia,serif;font-size:16px;line-height:25px;Margin-bottom:25px\">Nicolás Alejo Reynoso, responsable del equipo &quot;<strong style=\"font-weight:bold\">Independiente</strong>&quot;<strong style=\"font-weight:bold\">, </strong>te invita a que formes parte del equipo!!!</p><p style=\"Margin-top:0;color:#565656;font-family:Georgia,serif;font-size:16px;line-height:25px;Margin-bottom:25px\">El próximo 01/04/2015 está iniciando el torneo <strong style=\"font-weight:bold\">El torneo de tu vida</strong> en La mejor cancha de tu vida, en Heredia 550, Capital Federal, Buenos Aires. </p><p style=\"Margin-top:0;color:#565656;font-family:Georgia,serif;font-size:16px;line-height:25px;Margin-bottom:25px\">Se trata de un torneo del formato todos contra todos, que se disputará los días Martes mayormente (puede haber algún cambio de días, preavisados).</p><p style=\"Margin-top:0;color:#565656;font-family:Georgia,serif;font-size:16px;line-height:25px;Margin-bottom:25px\">Si quieres formar parte del equipo <strong style=\"font-weight:bold\">&quot;Independiente&quot;</strong> haz click en <a style=\"text-decoration:underline;color:#41637e\" href=\"http://127.0.0.1:5001/user/registration/Z3c5QXpKMWVWdFFEK3J2NlZZNzh1dkx0TVl4eEhhY3pUcktWSGl3SDdGWDM3eGZqaFVxYjNRMW9jd2YxYVF3eEpjVTNoNXFvZjlmQzlkckdqd1ZmRWc9PQ==/accept?next_url=/link/VXM1cWF1MTBsN0hLaGY1R0tSalBGaG9kdjJzaEFONnQyakVJQTdLOVpLV0lUK1BURVlEVG9Ba2doTzZPeWgzY0NnbHRoT0dnTHVlMzVEajBDcE1HWUE9PQ==/accept\" target=\"_blank\">acepto formar parte del equipo</a>.</p><p style=\"Margin-top:0;color:#565656;font-family:Georgia,serif;font-size:16px;line-height:25px;Margin-bottom:25px\">Por otro lado, si no deseas o no puedes formar parte de <strong style=\"font-weight:bold\">&quot;Independiente&quot;</strong>, por favor haz click en <a style=\"text-decoration:underline;color:#41637e\" href=\"http://127.0.0.1:5001/user/registration/Z3c5QXpKMWVWdFFEK3J2NlZZNzh1dkx0TVl4eEhhY3pUcktWSGl3SDdGWDM3eGZqaFVxYjNRMW9jd2YxYVF3eEpjVTNoNXFvZjlmQzlkckdqd1ZmRWc9PQ==/reject?next_url=/link/VXM1cWF1MTBsN0hLaGY1R0tSalBGaG9kdjJzaEFONnQyakVJQTdLOVpLV0lUK1BURVlEVG9Ba2doTzZPeWgzY0NnbHRoT0dnTHVlMzVEajBDcE1HWUE9PQ==/reject\" target=\"_blank\">NO acepto formar parte del equipo\n</a>.</p><p style=\"Margin-top:0;color:#565656;font-family:Georgia,serif;font-size:16px;line-height:25px;Margin-bottom:25px\">Pasadas 48hs de recibido este aviso la solicitud quedará sin efecto.</p><p style=\"Margin-top:0;color:#565656;font-family:Georgia,serif;font-size:16px;line-height:25px;Margin-bottom:25px\"> </p>\n          \n                            </td>\n                          </tr>\n                        </tbody></table>\n                      \n                        <table style=\"border-collapse:collapse;border-spacing:0;width:100%\">\n                          <tbody><tr>\n                            <td style=\"padding:0;vertical-align:top;padding-left:32px;padding-right:32px\">\n                              \n            <table style=\"border-collapse:collapse;border-spacing:0;width:100%\"><tbody><tr><td style=\"padding:0;vertical-align:top;padding-bottom:24px\" align=\"center\">\n              <table style=\"border-collapse:collapse;border-spacing:0;background-color:#e9e9e9;font-size:2px;line-height:2px;width:60px\">\n                <tbody><tr><td style=\"padding:0;vertical-align:top\"> </td></tr>\n              </tbody></table>\n            </td></tr></tbody></table>\n          \n                            </td>\n                          </tr>\n                        </tbody></table>\n                      \n                        <table style=\"border-collapse:collapse;border-spacing:0;width:100%\">\n                          <tbody><tr>\n                            <td style=\"padding:0;vertical-align:top;padding-left:32px;padding-right:32px\">\n                              \n            <p style=\"Margin-top:0;color:#565656;font-family:Georgia,serif;font-size:16px;line-height:25px;Margin-bottom:25px\"><a href=\"http://granliga.com\" target=\"_blank\">granliga.com</a> (R) es un gestor integral de torneos de fútbol.<br>\nTe invitamos a <a style=\"text-decoration:underline;color:#41637e\" href=\"http://www.granliga.com\" target=\"_blank\">www.granliga.com</a>  para que conozcas más</p><p style=\"Margin-top:0;color:#565656;font-family:Georgia,serif;font-size:16px;line-height:25px;Margin-bottom:24px\"> </p>\n          \n                            </td>\n                          </tr>\n                        </tbody></table>\n                      \n                      <div style=\"font-size:8px;line-height:8px\"> </div>\n                    </td>\n                  </tr>\n                </tbody></table>\n              </td>\n              <td style=\"padding:0;vertical-align:top;font-size:1px;line-height:1px;background-color:#e9e9e9;width:1px\">​</td>\n            </tr>\n          </tbody></table>\n        \n          <table style=\"border-collapse:collapse;border-spacing:0;font-size:1px;line-height:1px;background-color:#e9e9e9;Margin-left:auto;Margin-right:auto\" width=\"602\">\n            <tbody><tr><td style=\"padding:0;vertical-align:top\">​</td></tr>\n          </tbody></table>\n\n      </tbody></table>\n    </center>\n  <img style=\"border:0!important;height:1px!important;width:1px!important;margin:0!important;padding:0!important\" src=\"http://createsend1.com/t/t-o-tyutijl-l/o.gif\" width=\"1\" height=\"1\" border=\"0\" alt=\"\">\n\n<div></div>\n\n\n\n\n</div>\n</body></html>',NULL,NULL),(26,22,'[\"2\", \"nicolas.reynoso@gmail.com\", \"Nicol\\u00e1s Alejo Reynoso\"]','[[\"22\", \"sate@gmail.com\", \" \"]]','Solicitud jugador en el equipo Independiente','<!DOCTYPE HTML PUBLIC \"-//W3C//DTD HTML 4.01 Transitional//EN\"><html><head><META http-equiv=\"Content-Type\" content=\"text/html; charset=utf-8\"></head><body>\n\n    \n    \n    \n    \n  \n\n\n\n  <div style=\"margin:0;padding:0;min-width:100%;background-color:#fbfbfb\">\n    <center style=\"display:table;table-layout:fixed;width:100%;min-width:620px;background-color:#fbfbfb\">\n      <table style=\"border-collapse:collapse;border-spacing:0;width:650px;min-width:650px\"><tbody><tr><td style=\"padding:0;vertical-align:top;font-size:1px;line-height:1px\"> </td></tr></tbody></table>\n      <table style=\"border-collapse:collapse;border-spacing:0;Margin-left:auto;Margin-right:auto\">\n        <tbody><tr>\n          <td style=\"padding:0;vertical-align:top\">\n            <table style=\"border-collapse:collapse;border-spacing:0;width:602px\">\n              <tbody><tr>\n                \n                <td style=\"padding:0;vertical-align:top;padding-top:10px;padding-bottom:12px;font-size:12px;line-height:21px;text-align:right;width:300px;color:#999;font-family:Georgia,serif\">\n                  No ves las Imágenes? <a style=\"text-decoration:none;color:#999;font-weight:bold\" href=\"#\" target=\"_blank\">Hacé click aquí</a>\n                </td>\n              </tr>\n            </tbody></table>\n          </td>\n        </tr>\n      </tbody></table>\n      <table style=\"border-collapse:collapse;border-spacing:0;Margin-left:auto;Margin-right:auto;width:602px\">\n        <tbody><tr><td style=\"padding:0;vertical-align:top;font-size:1px;line-height:1px;background-color:#e9e9e9;width:1px\"> </td></tr>\n        <tr><td style=\"padding:32px 0;vertical-align:top\"><div style=\"font-size:26px;font-weight:700;letter-spacing:-0.02em;line-height:32px;color:#41637e;font-family:sans-serif\" align=\"left\"><img style=\"border:0;display:block;max-width:325px\" src=\"http://granliga.com/static/img/logos/3.png\" alt=\"\" width=\"217\" height=\"92\"></div></td></tr>\n      </tbody></table>\n      \n          <table style=\"border-collapse:collapse;border-spacing:0;font-size:1px;line-height:1px;background-color:#e9e9e9;Margin-left:auto;Margin-right:auto\" width=\"602\">\n            <tbody><tr><td style=\"padding:0;vertical-align:top\">​</td></tr>\n          </tbody></table>\n        \n          <table style=\"border-collapse:collapse;border-spacing:0;Margin-left:auto;Margin-right:auto\">\n            <tbody><tr>\n              <td style=\"padding:0;vertical-align:top;font-size:1px;line-height:1px;background-color:#e9e9e9;width:1px\">​</td>\n              <td style=\"padding:0;vertical-align:top\">\n                <table style=\"border-collapse:collapse;border-spacing:0;Margin-left:auto;Margin-right:auto;width:600px;background-color:#ffffff;font-size:14px\">\n                  <tbody><tr>\n                    <td style=\"padding:0;vertical-align:top;text-align:left\">\n                      \n              <div style=\"font-size:12px;Margin-bottom:24px;color:#565656;font-family:Georgia,serif\" align=\"center\">\n                <img style=\"border:0;display:block;max-width:128px\" src=\"http://i1.createsend1.com/ei/t/60/9F3/20E/004835/csfinal/1422560508_soccer_5.png\" alt=\"\" width=\"128\" height=\"128\">\n              </div>\n            \n                        <table style=\"border-collapse:collapse;border-spacing:0;width:100%\">\n                          <tbody><tr>\n                            <td style=\"padding:0;vertical-align:top;padding-left:32px;padding-right:32px\">\n                              \n            <h1 style=\"Margin-top:0;color:#565656;font-weight:700;font-size:36px;Margin-bottom:18px;font-family:sans-serif;line-height:42px\">sate@gmail.com,</h1><p style=\"Margin-top:0;color:#565656;font-family:Georgia,serif;font-size:16px;line-height:25px;Margin-bottom:25px\">Nicolás Alejo Reynoso, responsable del equipo &quot;<strong style=\"font-weight:bold\">Independiente</strong>&quot;<strong style=\"font-weight:bold\">, </strong>te invita a que formes parte del equipo!!!</p><p style=\"Margin-top:0;color:#565656;font-family:Georgia,serif;font-size:16px;line-height:25px;Margin-bottom:25px\">El próximo 01/04/2015 está iniciando el torneo <strong style=\"font-weight:bold\">El torneo de tu vida</strong> en La mejor cancha de tu vida, en Heredia 550, Capital Federal, Buenos Aires. </p><p style=\"Margin-top:0;color:#565656;font-family:Georgia,serif;font-size:16px;line-height:25px;Margin-bottom:25px\">Se trata de un torneo del formato todos contra todos, que se disputará los días Martes mayormente (puede haber algún cambio de días, preavisados).</p><p style=\"Margin-top:0;color:#565656;font-family:Georgia,serif;font-size:16px;line-height:25px;Margin-bottom:25px\">Si quieres formar parte del equipo <strong style=\"font-weight:bold\">&quot;Independiente&quot;</strong> haz click en <a style=\"text-decoration:underline;color:#41637e\" href=\"http://127.0.0.1:5001/user/registration/bTBmc3A2bHgvdTdTMDZZcnI3VFpEMXUxQzRFOGpHR1FPL0RGVzBweUswSnhpSzIxRVRFbDUwbk0zOHFENzVmUDhZU1RZa1VseUxOQ2JrT0oxR0NQeVE9PQ==/accept?next_url=/link/OEVSS2l0WU1jTERDVzFDS0s3U2tIN3NpVERMbHFJSWdOSUNwYUJEMGRXVVFZcUp5MGRhQzd3QVVhYnR0dk9Kc0xqNVlyUEZDaWlQdDd0ODA3Tkp1TVE9PQ==/accept\" target=\"_blank\">acepto formar parte del equipo</a>.</p><p style=\"Margin-top:0;color:#565656;font-family:Georgia,serif;font-size:16px;line-height:25px;Margin-bottom:25px\">Por otro lado, si no deseas o no puedes formar parte de <strong style=\"font-weight:bold\">&quot;Independiente&quot;</strong>, por favor haz click en <a style=\"text-decoration:underline;color:#41637e\" href=\"http://127.0.0.1:5001/user/registration/bTBmc3A2bHgvdTdTMDZZcnI3VFpEMXUxQzRFOGpHR1FPL0RGVzBweUswSnhpSzIxRVRFbDUwbk0zOHFENzVmUDhZU1RZa1VseUxOQ2JrT0oxR0NQeVE9PQ==/reject?next_url=/link/OEVSS2l0WU1jTERDVzFDS0s3U2tIN3NpVERMbHFJSWdOSUNwYUJEMGRXVVFZcUp5MGRhQzd3QVVhYnR0dk9Kc0xqNVlyUEZDaWlQdDd0ODA3Tkp1TVE9PQ==/reject\" target=\"_blank\">NO acepto formar parte del equipo\n</a>.</p><p style=\"Margin-top:0;color:#565656;font-family:Georgia,serif;font-size:16px;line-height:25px;Margin-bottom:25px\">Pasadas 48hs de recibido este aviso la solicitud quedará sin efecto.</p><p style=\"Margin-top:0;color:#565656;font-family:Georgia,serif;font-size:16px;line-height:25px;Margin-bottom:25px\"> </p>\n          \n                            </td>\n                          </tr>\n                        </tbody></table>\n                      \n                        <table style=\"border-collapse:collapse;border-spacing:0;width:100%\">\n                          <tbody><tr>\n                            <td style=\"padding:0;vertical-align:top;padding-left:32px;padding-right:32px\">\n                              \n            <table style=\"border-collapse:collapse;border-spacing:0;width:100%\"><tbody><tr><td style=\"padding:0;vertical-align:top;padding-bottom:24px\" align=\"center\">\n              <table style=\"border-collapse:collapse;border-spacing:0;background-color:#e9e9e9;font-size:2px;line-height:2px;width:60px\">\n                <tbody><tr><td style=\"padding:0;vertical-align:top\"> </td></tr>\n              </tbody></table>\n            </td></tr></tbody></table>\n          \n                            </td>\n                          </tr>\n                        </tbody></table>\n                      \n                        <table style=\"border-collapse:collapse;border-spacing:0;width:100%\">\n                          <tbody><tr>\n                            <td style=\"padding:0;vertical-align:top;padding-left:32px;padding-right:32px\">\n                              \n            <p style=\"Margin-top:0;color:#565656;font-family:Georgia,serif;font-size:16px;line-height:25px;Margin-bottom:25px\"><a href=\"http://granliga.com\" target=\"_blank\">granliga.com</a> (R) es un gestor integral de torneos de fútbol.<br>\nTe invitamos a <a style=\"text-decoration:underline;color:#41637e\" href=\"http://www.granliga.com\" target=\"_blank\">www.granliga.com</a>  para que conozcas más</p><p style=\"Margin-top:0;color:#565656;font-family:Georgia,serif;font-size:16px;line-height:25px;Margin-bottom:24px\"> </p>\n          \n                            </td>\n                          </tr>\n                        </tbody></table>\n                      \n                      <div style=\"font-size:8px;line-height:8px\"> </div>\n                    </td>\n                  </tr>\n                </tbody></table>\n              </td>\n              <td style=\"padding:0;vertical-align:top;font-size:1px;line-height:1px;background-color:#e9e9e9;width:1px\">​</td>\n            </tr>\n          </tbody></table>\n        \n          <table style=\"border-collapse:collapse;border-spacing:0;font-size:1px;line-height:1px;background-color:#e9e9e9;Margin-left:auto;Margin-right:auto\" width=\"602\">\n            <tbody><tr><td style=\"padding:0;vertical-align:top\">​</td></tr>\n          </tbody></table>\n\n      </tbody></table>\n    </center>\n  <img style=\"border:0!important;height:1px!important;width:1px!important;margin:0!important;padding:0!important\" src=\"http://createsend1.com/t/t-o-tyutijl-l/o.gif\" width=\"1\" height=\"1\" border=\"0\" alt=\"\">\n\n<div></div>\n\n\n\n\n</div>\n</body></html>',NULL,NULL),(27,23,'[\"2\", \"nicolas.reynoso@gmail.com\", \"Nicol\\u00e1s Alejo Reynoso\"]','[[\"23\", \"gargamel@gmail.com\", \" \"]]','Solicitud jugador en el equipo Independiente','<!DOCTYPE HTML PUBLIC \"-//W3C//DTD HTML 4.01 Transitional//EN\"><html><head><META http-equiv=\"Content-Type\" content=\"text/html; charset=utf-8\"></head><body>\n\n    \n    \n    \n    \n  \n\n\n\n  <div style=\"margin:0;padding:0;min-width:100%;background-color:#fbfbfb\">\n    <center style=\"display:table;table-layout:fixed;width:100%;min-width:620px;background-color:#fbfbfb\">\n      <table style=\"border-collapse:collapse;border-spacing:0;width:650px;min-width:650px\"><tbody><tr><td style=\"padding:0;vertical-align:top;font-size:1px;line-height:1px\"> </td></tr></tbody></table>\n      <table style=\"border-collapse:collapse;border-spacing:0;Margin-left:auto;Margin-right:auto\">\n        <tbody><tr>\n          <td style=\"padding:0;vertical-align:top\">\n            <table style=\"border-collapse:collapse;border-spacing:0;width:602px\">\n              <tbody><tr>\n                \n                <td style=\"padding:0;vertical-align:top;padding-top:10px;padding-bottom:12px;font-size:12px;line-height:21px;text-align:right;width:300px;color:#999;font-family:Georgia,serif\">\n                  No ves las Imágenes? <a style=\"text-decoration:none;color:#999;font-weight:bold\" href=\"#\" target=\"_blank\">Hacé click aquí</a>\n                </td>\n              </tr>\n            </tbody></table>\n          </td>\n        </tr>\n      </tbody></table>\n      <table style=\"border-collapse:collapse;border-spacing:0;Margin-left:auto;Margin-right:auto;width:602px\">\n        <tbody><tr><td style=\"padding:0;vertical-align:top;font-size:1px;line-height:1px;background-color:#e9e9e9;width:1px\"> </td></tr>\n        <tr><td style=\"padding:32px 0;vertical-align:top\"><div style=\"font-size:26px;font-weight:700;letter-spacing:-0.02em;line-height:32px;color:#41637e;font-family:sans-serif\" align=\"left\"><img style=\"border:0;display:block;max-width:325px\" src=\"http://granliga.com/static/img/logos/3.png\" alt=\"\" width=\"217\" height=\"92\"></div></td></tr>\n      </tbody></table>\n      \n          <table style=\"border-collapse:collapse;border-spacing:0;font-size:1px;line-height:1px;background-color:#e9e9e9;Margin-left:auto;Margin-right:auto\" width=\"602\">\n            <tbody><tr><td style=\"padding:0;vertical-align:top\">​</td></tr>\n          </tbody></table>\n        \n          <table style=\"border-collapse:collapse;border-spacing:0;Margin-left:auto;Margin-right:auto\">\n            <tbody><tr>\n              <td style=\"padding:0;vertical-align:top;font-size:1px;line-height:1px;background-color:#e9e9e9;width:1px\">​</td>\n              <td style=\"padding:0;vertical-align:top\">\n                <table style=\"border-collapse:collapse;border-spacing:0;Margin-left:auto;Margin-right:auto;width:600px;background-color:#ffffff;font-size:14px\">\n                  <tbody><tr>\n                    <td style=\"padding:0;vertical-align:top;text-align:left\">\n                      \n              <div style=\"font-size:12px;Margin-bottom:24px;color:#565656;font-family:Georgia,serif\" align=\"center\">\n                <img style=\"border:0;display:block;max-width:128px\" src=\"http://i1.createsend1.com/ei/t/60/9F3/20E/004835/csfinal/1422560508_soccer_5.png\" alt=\"\" width=\"128\" height=\"128\">\n              </div>\n            \n                        <table style=\"border-collapse:collapse;border-spacing:0;width:100%\">\n                          <tbody><tr>\n                            <td style=\"padding:0;vertical-align:top;padding-left:32px;padding-right:32px\">\n                              \n            <h1 style=\"Margin-top:0;color:#565656;font-weight:700;font-size:36px;Margin-bottom:18px;font-family:sans-serif;line-height:42px\">gargamel@gmail.com,</h1><p style=\"Margin-top:0;color:#565656;font-family:Georgia,serif;font-size:16px;line-height:25px;Margin-bottom:25px\">Nicolás Alejo Reynoso, responsable del equipo &quot;<strong style=\"font-weight:bold\">Independiente</strong>&quot;<strong style=\"font-weight:bold\">, </strong>te invita a que formes parte del equipo!!!</p><p style=\"Margin-top:0;color:#565656;font-family:Georgia,serif;font-size:16px;line-height:25px;Margin-bottom:25px\">El próximo 01/04/2015 está iniciando el torneo <strong style=\"font-weight:bold\">El torneo de tu vida</strong> en La mejor cancha de tu vida, en Heredia 550, Capital Federal, Buenos Aires. </p><p style=\"Margin-top:0;color:#565656;font-family:Georgia,serif;font-size:16px;line-height:25px;Margin-bottom:25px\">Se trata de un torneo del formato todos contra todos, que se disputará los días Martes mayormente (puede haber algún cambio de días, preavisados).</p><p style=\"Margin-top:0;color:#565656;font-family:Georgia,serif;font-size:16px;line-height:25px;Margin-bottom:25px\">Si quieres formar parte del equipo <strong style=\"font-weight:bold\">&quot;Independiente&quot;</strong> haz click en <a style=\"text-decoration:underline;color:#41637e\" href=\"http://127.0.0.1:5001/user/registration/cDBncG9BYTJseHhjT2xPaWpiMVFTdDNkbUtiUFdxQ3BhSXUyaU9rNTlGeGpyMjdDZm95SytrTkgyOXRqbTJtek9ab1UyZGwzV2Y1MFgrZkxsNTladnc9PQ==/accept?next_url=/link/RHFKQk1xNkdSNWE5MVhrVzRwdGlhQjdPcHB0dWVtZzBmSTNaeCtVdWd2UmJtcWN1bnl4SnpMWnRqalZiNlZlWTkxMHJxbHAvMHgwU3libm1GYlFqQ0E9PQ==/accept\" target=\"_blank\">acepto formar parte del equipo</a>.</p><p style=\"Margin-top:0;color:#565656;font-family:Georgia,serif;font-size:16px;line-height:25px;Margin-bottom:25px\">Por otro lado, si no deseas o no puedes formar parte de <strong style=\"font-weight:bold\">&quot;Independiente&quot;</strong>, por favor haz click en <a style=\"text-decoration:underline;color:#41637e\" href=\"http://127.0.0.1:5001/user/registration/cDBncG9BYTJseHhjT2xPaWpiMVFTdDNkbUtiUFdxQ3BhSXUyaU9rNTlGeGpyMjdDZm95SytrTkgyOXRqbTJtek9ab1UyZGwzV2Y1MFgrZkxsNTladnc9PQ==/reject?next_url=/link/RHFKQk1xNkdSNWE5MVhrVzRwdGlhQjdPcHB0dWVtZzBmSTNaeCtVdWd2UmJtcWN1bnl4SnpMWnRqalZiNlZlWTkxMHJxbHAvMHgwU3libm1GYlFqQ0E9PQ==/reject\" target=\"_blank\">NO acepto formar parte del equipo\n</a>.</p><p style=\"Margin-top:0;color:#565656;font-family:Georgia,serif;font-size:16px;line-height:25px;Margin-bottom:25px\">Pasadas 48hs de recibido este aviso la solicitud quedará sin efecto.</p><p style=\"Margin-top:0;color:#565656;font-family:Georgia,serif;font-size:16px;line-height:25px;Margin-bottom:25px\"> </p>\n          \n                            </td>\n                          </tr>\n                        </tbody></table>\n                      \n                        <table style=\"border-collapse:collapse;border-spacing:0;width:100%\">\n                          <tbody><tr>\n                            <td style=\"padding:0;vertical-align:top;padding-left:32px;padding-right:32px\">\n                              \n            <table style=\"border-collapse:collapse;border-spacing:0;width:100%\"><tbody><tr><td style=\"padding:0;vertical-align:top;padding-bottom:24px\" align=\"center\">\n              <table style=\"border-collapse:collapse;border-spacing:0;background-color:#e9e9e9;font-size:2px;line-height:2px;width:60px\">\n                <tbody><tr><td style=\"padding:0;vertical-align:top\"> </td></tr>\n              </tbody></table>\n            </td></tr></tbody></table>\n          \n                            </td>\n                          </tr>\n                        </tbody></table>\n                      \n                        <table style=\"border-collapse:collapse;border-spacing:0;width:100%\">\n                          <tbody><tr>\n                            <td style=\"padding:0;vertical-align:top;padding-left:32px;padding-right:32px\">\n                              \n            <p style=\"Margin-top:0;color:#565656;font-family:Georgia,serif;font-size:16px;line-height:25px;Margin-bottom:25px\"><a href=\"http://granliga.com\" target=\"_blank\">granliga.com</a> (R) es un gestor integral de torneos de fútbol.<br>\nTe invitamos a <a style=\"text-decoration:underline;color:#41637e\" href=\"http://www.granliga.com\" target=\"_blank\">www.granliga.com</a>  para que conozcas más</p><p style=\"Margin-top:0;color:#565656;font-family:Georgia,serif;font-size:16px;line-height:25px;Margin-bottom:24px\"> </p>\n          \n                            </td>\n                          </tr>\n                        </tbody></table>\n                      \n                      <div style=\"font-size:8px;line-height:8px\"> </div>\n                    </td>\n                  </tr>\n                </tbody></table>\n              </td>\n              <td style=\"padding:0;vertical-align:top;font-size:1px;line-height:1px;background-color:#e9e9e9;width:1px\">​</td>\n            </tr>\n          </tbody></table>\n        \n          <table style=\"border-collapse:collapse;border-spacing:0;font-size:1px;line-height:1px;background-color:#e9e9e9;Margin-left:auto;Margin-right:auto\" width=\"602\">\n            <tbody><tr><td style=\"padding:0;vertical-align:top\">​</td></tr>\n          </tbody></table>\n\n      </tbody></table>\n    </center>\n  <img style=\"border:0!important;height:1px!important;width:1px!important;margin:0!important;padding:0!important\" src=\"http://createsend1.com/t/t-o-tyutijl-l/o.gif\" width=\"1\" height=\"1\" border=\"0\" alt=\"\">\n\n<div></div>\n\n\n\n\n</div>\n</body></html>',NULL,NULL),(28,24,'[\"2\", \"nicolas.reynoso@gmail.com\", \"Nicol\\u00e1s Alejo Reynoso\"]','[[\"24\", \"pitufo@gmail.com\", \" \"]]','Solicitud jugador en el equipo Independiente','<!DOCTYPE HTML PUBLIC \"-//W3C//DTD HTML 4.01 Transitional//EN\"><html><head><META http-equiv=\"Content-Type\" content=\"text/html; charset=utf-8\"></head><body>\n\n    \n    \n    \n    \n  \n\n\n\n  <div style=\"margin:0;padding:0;min-width:100%;background-color:#fbfbfb\">\n    <center style=\"display:table;table-layout:fixed;width:100%;min-width:620px;background-color:#fbfbfb\">\n      <table style=\"border-collapse:collapse;border-spacing:0;width:650px;min-width:650px\"><tbody><tr><td style=\"padding:0;vertical-align:top;font-size:1px;line-height:1px\"> </td></tr></tbody></table>\n      <table style=\"border-collapse:collapse;border-spacing:0;Margin-left:auto;Margin-right:auto\">\n        <tbody><tr>\n          <td style=\"padding:0;vertical-align:top\">\n            <table style=\"border-collapse:collapse;border-spacing:0;width:602px\">\n              <tbody><tr>\n                \n                <td style=\"padding:0;vertical-align:top;padding-top:10px;padding-bottom:12px;font-size:12px;line-height:21px;text-align:right;width:300px;color:#999;font-family:Georgia,serif\">\n                  No ves las Imágenes? <a style=\"text-decoration:none;color:#999;font-weight:bold\" href=\"#\" target=\"_blank\">Hacé click aquí</a>\n                </td>\n              </tr>\n            </tbody></table>\n          </td>\n        </tr>\n      </tbody></table>\n      <table style=\"border-collapse:collapse;border-spacing:0;Margin-left:auto;Margin-right:auto;width:602px\">\n        <tbody><tr><td style=\"padding:0;vertical-align:top;font-size:1px;line-height:1px;background-color:#e9e9e9;width:1px\"> </td></tr>\n        <tr><td style=\"padding:32px 0;vertical-align:top\"><div style=\"font-size:26px;font-weight:700;letter-spacing:-0.02em;line-height:32px;color:#41637e;font-family:sans-serif\" align=\"left\"><img style=\"border:0;display:block;max-width:325px\" src=\"http://granliga.com/static/img/logos/3.png\" alt=\"\" width=\"217\" height=\"92\"></div></td></tr>\n      </tbody></table>\n      \n          <table style=\"border-collapse:collapse;border-spacing:0;font-size:1px;line-height:1px;background-color:#e9e9e9;Margin-left:auto;Margin-right:auto\" width=\"602\">\n            <tbody><tr><td style=\"padding:0;vertical-align:top\">​</td></tr>\n          </tbody></table>\n        \n          <table style=\"border-collapse:collapse;border-spacing:0;Margin-left:auto;Margin-right:auto\">\n            <tbody><tr>\n              <td style=\"padding:0;vertical-align:top;font-size:1px;line-height:1px;background-color:#e9e9e9;width:1px\">​</td>\n              <td style=\"padding:0;vertical-align:top\">\n                <table style=\"border-collapse:collapse;border-spacing:0;Margin-left:auto;Margin-right:auto;width:600px;background-color:#ffffff;font-size:14px\">\n                  <tbody><tr>\n                    <td style=\"padding:0;vertical-align:top;text-align:left\">\n                      \n              <div style=\"font-size:12px;Margin-bottom:24px;color:#565656;font-family:Georgia,serif\" align=\"center\">\n                <img style=\"border:0;display:block;max-width:128px\" src=\"http://i1.createsend1.com/ei/t/60/9F3/20E/004835/csfinal/1422560508_soccer_5.png\" alt=\"\" width=\"128\" height=\"128\">\n              </div>\n            \n                        <table style=\"border-collapse:collapse;border-spacing:0;width:100%\">\n                          <tbody><tr>\n                            <td style=\"padding:0;vertical-align:top;padding-left:32px;padding-right:32px\">\n                              \n            <h1 style=\"Margin-top:0;color:#565656;font-weight:700;font-size:36px;Margin-bottom:18px;font-family:sans-serif;line-height:42px\">pitufo@gmail.com,</h1><p style=\"Margin-top:0;color:#565656;font-family:Georgia,serif;font-size:16px;line-height:25px;Margin-bottom:25px\">Nicolás Alejo Reynoso, responsable del equipo &quot;<strong style=\"font-weight:bold\">Independiente</strong>&quot;<strong style=\"font-weight:bold\">, </strong>te invita a que formes parte del equipo!!!</p><p style=\"Margin-top:0;color:#565656;font-family:Georgia,serif;font-size:16px;line-height:25px;Margin-bottom:25px\">El próximo 01/04/2015 está iniciando el torneo <strong style=\"font-weight:bold\">El torneo de tu vida</strong> en La mejor cancha de tu vida, en Heredia 550, Capital Federal, Buenos Aires. </p><p style=\"Margin-top:0;color:#565656;font-family:Georgia,serif;font-size:16px;line-height:25px;Margin-bottom:25px\">Se trata de un torneo del formato todos contra todos, que se disputará los días Martes mayormente (puede haber algún cambio de días, preavisados).</p><p style=\"Margin-top:0;color:#565656;font-family:Georgia,serif;font-size:16px;line-height:25px;Margin-bottom:25px\">Si quieres formar parte del equipo <strong style=\"font-weight:bold\">&quot;Independiente&quot;</strong> haz click en <a style=\"text-decoration:underline;color:#41637e\" href=\"http://127.0.0.1:5001/user/registration/OUlvcVdEbWxmRzk0SU1jN1RHVi9YM2F2SUZDK0pkYy9ucmViaXljUVlob1hyR3R3YWJ5ZWtKeHZZbHZXNUlEZEFLM0RUb3pGYi9BS0p2V2tkbzh5TXc9PQ==/accept?next_url=/link/VEFINE56WGNWczNXL3BHSEl1U1VYWkphMmhKSFdEQWJESWNkTkg0UDg1TG9jVDBKVUFsTExMUWpXMy9jemp6ZndKVTVSWDQ5TEdGWWRhVXdxeVVkM3c9PQ==/accept\" target=\"_blank\">acepto formar parte del equipo</a>.</p><p style=\"Margin-top:0;color:#565656;font-family:Georgia,serif;font-size:16px;line-height:25px;Margin-bottom:25px\">Por otro lado, si no deseas o no puedes formar parte de <strong style=\"font-weight:bold\">&quot;Independiente&quot;</strong>, por favor haz click en <a style=\"text-decoration:underline;color:#41637e\" href=\"http://127.0.0.1:5001/user/registration/OUlvcVdEbWxmRzk0SU1jN1RHVi9YM2F2SUZDK0pkYy9ucmViaXljUVlob1hyR3R3YWJ5ZWtKeHZZbHZXNUlEZEFLM0RUb3pGYi9BS0p2V2tkbzh5TXc9PQ==/reject?next_url=/link/VEFINE56WGNWczNXL3BHSEl1U1VYWkphMmhKSFdEQWJESWNkTkg0UDg1TG9jVDBKVUFsTExMUWpXMy9jemp6ZndKVTVSWDQ5TEdGWWRhVXdxeVVkM3c9PQ==/reject\" target=\"_blank\">NO acepto formar parte del equipo\n</a>.</p><p style=\"Margin-top:0;color:#565656;font-family:Georgia,serif;font-size:16px;line-height:25px;Margin-bottom:25px\">Pasadas 48hs de recibido este aviso la solicitud quedará sin efecto.</p><p style=\"Margin-top:0;color:#565656;font-family:Georgia,serif;font-size:16px;line-height:25px;Margin-bottom:25px\"> </p>\n          \n                            </td>\n                          </tr>\n                        </tbody></table>\n                      \n                        <table style=\"border-collapse:collapse;border-spacing:0;width:100%\">\n                          <tbody><tr>\n                            <td style=\"padding:0;vertical-align:top;padding-left:32px;padding-right:32px\">\n                              \n            <table style=\"border-collapse:collapse;border-spacing:0;width:100%\"><tbody><tr><td style=\"padding:0;vertical-align:top;padding-bottom:24px\" align=\"center\">\n              <table style=\"border-collapse:collapse;border-spacing:0;background-color:#e9e9e9;font-size:2px;line-height:2px;width:60px\">\n                <tbody><tr><td style=\"padding:0;vertical-align:top\"> </td></tr>\n              </tbody></table>\n            </td></tr></tbody></table>\n          \n                            </td>\n                          </tr>\n                        </tbody></table>\n                      \n                        <table style=\"border-collapse:collapse;border-spacing:0;width:100%\">\n                          <tbody><tr>\n                            <td style=\"padding:0;vertical-align:top;padding-left:32px;padding-right:32px\">\n                              \n            <p style=\"Margin-top:0;color:#565656;font-family:Georgia,serif;font-size:16px;line-height:25px;Margin-bottom:25px\"><a href=\"http://granliga.com\" target=\"_blank\">granliga.com</a> (R) es un gestor integral de torneos de fútbol.<br>\nTe invitamos a <a style=\"text-decoration:underline;color:#41637e\" href=\"http://www.granliga.com\" target=\"_blank\">www.granliga.com</a>  para que conozcas más</p><p style=\"Margin-top:0;color:#565656;font-family:Georgia,serif;font-size:16px;line-height:25px;Margin-bottom:24px\"> </p>\n          \n                            </td>\n                          </tr>\n                        </tbody></table>\n                      \n                      <div style=\"font-size:8px;line-height:8px\"> </div>\n                    </td>\n                  </tr>\n                </tbody></table>\n              </td>\n              <td style=\"padding:0;vertical-align:top;font-size:1px;line-height:1px;background-color:#e9e9e9;width:1px\">​</td>\n            </tr>\n          </tbody></table>\n        \n          <table style=\"border-collapse:collapse;border-spacing:0;font-size:1px;line-height:1px;background-color:#e9e9e9;Margin-left:auto;Margin-right:auto\" width=\"602\">\n            <tbody><tr><td style=\"padding:0;vertical-align:top\">​</td></tr>\n          </tbody></table>\n\n      </tbody></table>\n    </center>\n  <img style=\"border:0!important;height:1px!important;width:1px!important;margin:0!important;padding:0!important\" src=\"http://createsend1.com/t/t-o-tyutijl-l/o.gif\" width=\"1\" height=\"1\" border=\"0\" alt=\"\">\n\n<div></div>\n\n\n\n\n</div>\n</body></html>',NULL,NULL);
/*!40000 ALTER TABLE `message_metadata` ENABLE KEYS */;
UNLOCK TABLES;

--
-- Table structure for table `position_tables`
--

DROP TABLE IF EXISTS `position_tables`;
/*!40101 SET @saved_cs_client     = @@character_set_client */;
/*!40101 SET character_set_client = utf8 */;
CREATE TABLE `position_tables` (
  `id` int(11) NOT NULL AUTO_INCREMENT,
  `tournament_id` int(11) DEFAULT NULL,
  `round` int(11) DEFAULT NULL,
  `team_id` int(11) DEFAULT NULL,
  `position` int(11) DEFAULT NULL,
  `last_position` int(11) DEFAULT NULL,
  `played` int(11) DEFAULT NULL,
  `won` int(11) DEFAULT NULL,
  `drawn` int(11) DEFAULT NULL,
  `lost` int(11) DEFAULT NULL,
  `goals_for` int(11) DEFAULT NULL,
  `goals_against` int(11) DEFAULT NULL,
  `goal_difference` int(11) DEFAULT NULL,
  `yellow_cards` int(11) DEFAULT NULL,
  `red_cards` int(11) DEFAULT NULL,
  `points` int(11) DEFAULT NULL,
  `status` char(1) DEFAULT NULL,
  `updated_at` datetime DEFAULT NULL,
  PRIMARY KEY (`id`)
) ENGINE=InnoDB AUTO_INCREMENT=25 DEFAULT CHARSET=latin1;
/*!40101 SET character_set_client = @saved_cs_client */;

--
-- Dumping data for table `position_tables`
--

LOCK TABLES `position_tables` WRITE;
/*!40000 ALTER TABLE `position_tables` DISABLE KEYS */;
INSERT INTO `position_tables` VALUES (1,1,0,1,2,0,0,0,0,0,0,0,0,0,0,0,'p','2015-04-13 16:31:40'),(2,1,0,2,1,0,1,0,1,0,0,0,0,0,0,1,'c','2015-04-13 16:31:40'),(3,1,0,3,2,0,0,0,0,0,0,0,0,0,0,0,'p','2015-04-13 16:31:40'),(4,1,0,4,1,0,1,0,1,0,0,0,0,0,0,1,'c','2015-04-13 16:31:40'),(5,1,1,1,2,2,0,0,0,0,0,0,0,0,0,0,'p','2015-04-13 16:31:40'),(6,1,1,2,1,1,1,0,1,0,0,0,0,0,0,1,'p','2015-04-13 16:31:40'),(7,1,1,3,2,2,0,0,0,0,0,0,0,0,0,0,'p','2015-04-13 16:31:40'),(8,1,1,4,1,1,1,0,1,0,0,0,0,0,0,1,'p','2015-04-13 16:31:40'),(9,1,2,1,2,2,0,0,0,0,0,0,0,0,0,0,'p','2015-04-13 16:31:40'),(10,1,2,2,1,1,1,0,1,0,0,0,0,0,0,1,'p','2015-04-13 16:31:40'),(11,1,2,3,2,2,0,0,0,0,0,0,0,0,0,0,'p','2015-04-13 16:31:40'),(12,1,2,4,1,1,1,0,1,0,0,0,0,0,0,1,'p','2015-04-13 16:31:40'),(13,1,3,1,0,0,0,0,0,0,0,0,0,0,NULL,0,'p','2015-04-13 16:31:40'),(14,1,3,2,0,0,0,0,0,0,0,0,0,0,NULL,0,'p','2015-04-13 16:31:40'),(15,1,3,3,0,0,0,0,0,0,0,0,0,0,NULL,0,'p','2015-04-13 16:31:40'),(16,1,3,4,0,0,0,0,0,0,0,0,0,0,NULL,0,'p','2015-04-13 16:31:40'),(17,1,4,1,0,0,0,0,0,0,0,0,0,0,NULL,0,'p','2015-04-13 16:31:40'),(18,1,4,2,0,0,0,0,0,0,0,0,0,0,NULL,0,'p','2015-04-13 16:31:40'),(19,1,4,3,0,0,0,0,0,0,0,0,0,0,NULL,0,'p','2015-04-13 16:31:40'),(20,1,4,4,0,0,0,0,0,0,0,0,0,0,NULL,0,'p','2015-04-13 16:31:40'),(21,1,5,1,0,0,0,0,0,0,0,0,0,0,NULL,0,'p','2015-04-13 16:31:40'),(22,1,5,2,0,0,0,0,0,0,0,0,0,0,NULL,0,'p','2015-04-13 16:31:40'),(23,1,5,3,0,0,0,0,0,0,0,0,0,0,NULL,0,'p','2015-04-13 16:31:40'),(24,1,5,4,0,0,0,0,0,0,0,0,0,0,NULL,0,'p','2015-04-13 16:31:40');
/*!40000 ALTER TABLE `position_tables` ENABLE KEYS */;
UNLOCK TABLES;

--
-- Table structure for table `profiles`
--

DROP TABLE IF EXISTS `profiles`;
/*!40101 SET @saved_cs_client     = @@character_set_client */;
/*!40101 SET character_set_client = utf8 */;
CREATE TABLE `profiles` (
  `profile_id` int(11) NOT NULL AUTO_INCREMENT,
  `role` varchar(120) DEFAULT NULL,
  `user_id` int(11) DEFAULT NULL,
  `is_active` tinyint(1) DEFAULT NULL,
  PRIMARY KEY (`profile_id`),
  KEY `user_id` (`user_id`),
  CONSTRAINT `profiles_ibfk_1` FOREIGN KEY (`user_id`) REFERENCES `users` (`user_id`)
) ENGINE=InnoDB AUTO_INCREMENT=25 DEFAULT CHARSET=latin1;
/*!40101 SET character_set_client = @saved_cs_client */;

--
-- Dumping data for table `profiles`
--

LOCK TABLES `profiles` WRITE;
/*!40000 ALTER TABLE `profiles` DISABLE KEYS */;
INSERT INTO `profiles` VALUES (1,'organizer',1,1),(2,'responsable',1,1),(3,'referee',1,1),(4,'observer',1,1),(5,'player',2,1),(6,'player',3,1),(7,'player',4,1),(8,'player',5,1),(9,'player',6,1),(10,'player',7,1),(11,'player',8,1),(12,'player',9,1),(13,'player',10,1),(14,'player',11,1),(15,'player',12,1),(16,'player',13,1),(17,'player',14,1),(18,'player',15,1),(19,'player',16,1),(20,'player',17,1),(21,'player',18,1),(22,'player',19,1),(23,'player',20,1),(24,'player',21,1);
/*!40000 ALTER TABLE `profiles` ENABLE KEYS */;
UNLOCK TABLES;

--
-- Table structure for table `registration_tokens`
--

DROP TABLE IF EXISTS `registration_tokens`;
/*!40101 SET @saved_cs_client     = @@character_set_client */;
/*!40101 SET character_set_client = utf8 */;
CREATE TABLE `registration_tokens` (
  `id` int(11) NOT NULL AUTO_INCREMENT,
  `user_id` int(11) DEFAULT NULL,
  `registration_token` varchar(100) DEFAULT NULL,
  `expiration_date` datetime DEFAULT NULL,
  PRIMARY KEY (`id`),
  KEY `user_id` (`user_id`),
  CONSTRAINT `registration_tokens_ibfk_1` FOREIGN KEY (`user_id`) REFERENCES `users` (`user_id`)
) ENGINE=InnoDB AUTO_INCREMENT=21 DEFAULT CHARSET=latin1;
/*!40101 SET character_set_client = @saved_cs_client */;

--
-- Dumping data for table `registration_tokens`
--

LOCK TABLES `registration_tokens` WRITE;
/*!40000 ALTER TABLE `registration_tokens` DISABLE KEYS */;
INSERT INTO `registration_tokens` VALUES (1,2,'xfl0BKTtwi1P0ROTF26dGIq/jevEOw46H6b56ngZ7tgMiNMzlQ3A8ZuGXlcX3nc5JsjHyy8pocoOZDNSk2Uqaw==','2015-04-18 16:38:44'),(2,3,'ABCFGZIYWODJLkmGpQ55+h0depN7WvD81NN8z+zqEW44kFoVP9S2G0q7OsJDcSbeq6xdZShBtd4lYPkKxF0q3g==','2015-04-18 16:38:51'),(3,4,'NKCoJuIiQ0PVz/l8bgaVtwHMUv7aJjtSw186uq+hAR5utBGuFIOHhLO+6t2ONeCU7fjD4HKQdT/gFpO34xSw8Q==','2015-04-18 16:38:56'),(4,5,'uQsWIDpWyc2oKlMaxf66SSI12tBqBEJK98UE/afGpe6s8eF38fTKEOzv9HLMo0GkZ2pm8BfD/+HprnLVrkNY6g==','2015-04-18 16:39:08'),(5,6,'W7lnc9oPbVcPYeyBNcizWAxKQ3ryUP4viq3V58qa12y3lY/NXiKqpkCuxXg1PduoGV0B+fLz8XtEeJeEOB355w==','2015-04-18 16:39:11'),(6,7,'maJd71RQP/GJcQAkrkQMLjoIrAdg3on1iOSZg0a8zI+TN5QZgkzJ93yp/5ahbyWEvlJJEncoP8pkFZkwcwlo9Q==','2015-04-18 16:39:21'),(7,8,'SSd6D6RsMUaVibAItpercqB81zRP7rlL6T9GYmPsLs3fG5ZelG8wAwF2qX/fNK7jelEJpdN4cwotifowsOiiYQ==','2015-04-18 16:39:25'),(8,9,'LpT6TSn7i9BysctRgMN5pTxwbPZNjBGRSLAcRTYTvbu8WiueOZfboXW7c3zvzkJNx+Ch7UnT0pVPEzBwMlU81Q==','2015-04-18 16:39:32'),(9,10,'X+zfDkACnjc4ZXdnFmuSKaMCz+o1IONsQDcAI3YfjljhV9o52w4p4iyUAsA7E3k1hUwMlA+0jhcSilsQXLq7+A==','2015-04-18 16:39:36'),(10,11,'eafwmw7DfX3w4WpgFiaUZeog8ALzOAYsBDM3zvYDwh3+JGRHIUWVfRawEUxhhh9u/qJJBPTfyx5qlY0rWH0uwQ==','2015-04-18 16:39:40'),(11,12,'V49HsX4gdKLrXSDSoadcEU27s4fgEJbQNk3Jfua3eUNBM9dLr2XXdqA1RekWXlhPiAp+jIKIeGlC+4fg1OvFuA==','2015-04-18 16:39:54'),(12,13,'UomSjyE5xKXkKcldorKp5g9mK3tivVrQKudYwzzJHlveBZz/URvMyA7qxw9zXoAdORKtyjE2GsA4FwM3bCnZoQ==','2015-04-18 16:39:57'),(13,14,'dNg0C8fIOXn8/V5frUVGoj3R55QHNltGN95MK35ba27MHQrLG25A8F5C4ZKoD2tHGT6Rb15OeZVs48z8YS0Nag==','2015-04-18 16:39:59'),(14,15,'pV49VRFNqlixIWuwRdqKxOLL4ZEFnWcD1D0pXDX5vmd/f+orC+N7zS1IK1hxbRolmZcDCu7xljIwBt9czl4LOw==','2015-04-18 16:40:02'),(15,16,'/tLW4m7Xlym22RJGmPg2gnQq4grvglp4oO5gr4620gCs3wXf7jjwHd7jyEXzYio2nmFueVrmNdQTup/F3ugXbQ==','2015-04-18 16:40:08'),(16,17,'0+OQU97Ssrbw+wQ+VUC7dN0RAMcuYyIBPxeoVG+JGk1eswbCZ1PwmVsd4OFvsEcqh1gqFNEaEUWwcb3XjWzlXg==','2015-04-18 16:40:14'),(17,18,'gw9AzJ1eVtQD+rv6VY78uvLtMYxxHaczTrKVHiwH7FX37xfjhUqb3Q1ocwf1aQwxJcU3h5qof9fC9drGjwVfEg==','2015-04-18 16:40:19'),(18,19,'m0fsp6lx/u7S06Yrr7TZD1u1C4E8jGGQO/DFW0pyK0JxiK21ETEl50nM38qD75fP8YSTYkUlyLNCbkOJ1GCPyQ==','2015-04-18 16:40:23'),(19,20,'p0gpoAa2lxxcOlOijb1QSt3dmKbPWqCpaIu2iOk59Fxjr27CfoyK+kNH29tjm2mzOZoU2dl3Wf50X+fLl59Zvw==','2015-04-18 16:40:29'),(20,21,'9IoqWDmlfG94IMc7TGV/X3avIFC+Jdc/nrebiycQYhoXrGtwabyekJxvYlvW5IDdAK3DTozFb/AKJvWkdo8yMw==','2015-04-18 16:40:33');
/*!40000 ALTER TABLE `registration_tokens` ENABLE KEYS */;
UNLOCK TABLES;

--
-- Table structure for table `roles`
--

DROP TABLE IF EXISTS `roles`;
/*!40101 SET @saved_cs_client     = @@character_set_client */;
/*!40101 SET character_set_client = utf8 */;
CREATE TABLE `roles` (
  `role_id` int(11) NOT NULL AUTO_INCREMENT,
  `name` varchar(100) DEFAULT NULL,
  `description` varchar(255) DEFAULT NULL,
  PRIMARY KEY (`role_id`)
) ENGINE=InnoDB DEFAULT CHARSET=latin1;
/*!40101 SET character_set_client = @saved_cs_client */;

--
-- Dumping data for table `roles`
--

LOCK TABLES `roles` WRITE;
/*!40000 ALTER TABLE `roles` DISABLE KEYS */;
/*!40000 ALTER TABLE `roles` ENABLE KEYS */;
UNLOCK TABLES;

--
-- Table structure for table `sportcenters`
--

DROP TABLE IF EXISTS `sportcenters`;
/*!40101 SET @saved_cs_client     = @@character_set_client */;
/*!40101 SET character_set_client = utf8 */;
CREATE TABLE `sportcenters` (
  `sportcenter_id` int(11) NOT NULL AUTO_INCREMENT,
  `latitude` float DEFAULT NULL,
  `longitude` float DEFAULT NULL,
  `name` varchar(400) DEFAULT NULL,
  `description` text,
  `fields` int(11) DEFAULT NULL,
  `country` char(2) DEFAULT NULL,
  `state` varchar(200) DEFAULT NULL,
  `address` varchar(400) DEFAULT NULL,
  `city` varchar(100) DEFAULT NULL,
  `is_active` tinyint(1) DEFAULT NULL,
  `created_at` datetime DEFAULT NULL,
  `created_by` int(11) DEFAULT NULL,
  `updated_at` datetime DEFAULT NULL,
  `updated_by` int(11) DEFAULT NULL,
  PRIMARY KEY (`sportcenter_id`),
  KEY `created_by` (`created_by`),
  KEY `updated_by` (`updated_by`),
  CONSTRAINT `sportcenters_ibfk_1` FOREIGN KEY (`created_by`) REFERENCES `profiles` (`profile_id`),
  CONSTRAINT `sportcenters_ibfk_2` FOREIGN KEY (`updated_by`) REFERENCES `profiles` (`profile_id`)
) ENGINE=InnoDB AUTO_INCREMENT=2 DEFAULT CHARSET=latin1;
/*!40101 SET character_set_client = @saved_cs_client */;

--
-- Dumping data for table `sportcenters`
--

LOCK TABLES `sportcenters` WRITE;
/*!40000 ALTER TABLE `sportcenters` DISABLE KEYS */;
INSERT INTO `sportcenters` VALUES (1,NULL,NULL,'La mejor cancha de tu vida',NULL,4,'Ar','Buenos Aires','Heredia 550','Capital Federal',NULL,'2015-04-13 16:27:43',NULL,NULL,NULL);
/*!40000 ALTER TABLE `sportcenters` ENABLE KEYS */;
UNLOCK TABLES;

--
-- Table structure for table `teams`
--

DROP TABLE IF EXISTS `teams`;
/*!40101 SET @saved_cs_client     = @@character_set_client */;
/*!40101 SET character_set_client = utf8 */;
CREATE TABLE `teams` (
  `team_id` int(11) NOT NULL AUTO_INCREMENT,
  `team_line_id` int(11) DEFAULT NULL,
  `tournament_id` int(11) DEFAULT NULL,
  `name` varchar(500) DEFAULT NULL,
  `description` varchar(500) DEFAULT NULL,
  `logo_path` varchar(500) DEFAULT NULL,
  `responsable_profile_id` int(11) DEFAULT NULL,
  `is_active` tinyint(1) DEFAULT NULL,
  `is_link_accepted` tinyint(1) DEFAULT NULL,
  `link_id` int(11) DEFAULT NULL,
  `is_setup_complete` tinyint(1) DEFAULT NULL,
  `created_at` datetime DEFAULT NULL,
  `created_by` int(11) DEFAULT NULL,
  `updated_at` datetime DEFAULT NULL,
  `updated_by` int(11) DEFAULT NULL,
  `status` varchar(20) DEFAULT NULL,
  PRIMARY KEY (`team_id`),
  KEY `tournament_id` (`tournament_id`),
  KEY `created_by` (`created_by`),
  KEY `updated_by` (`updated_by`),
  CONSTRAINT `teams_ibfk_1` FOREIGN KEY (`tournament_id`) REFERENCES `tournaments` (`tournament_id`),
  CONSTRAINT `teams_ibfk_2` FOREIGN KEY (`created_by`) REFERENCES `profiles` (`profile_id`),
  CONSTRAINT `teams_ibfk_3` FOREIGN KEY (`updated_by`) REFERENCES `profiles` (`profile_id`)
) ENGINE=InnoDB AUTO_INCREMENT=5 DEFAULT CHARSET=latin1;
/*!40101 SET character_set_client = @saved_cs_client */;

--
-- Dumping data for table `teams`
--

LOCK TABLES `teams` WRITE;
/*!40000 ALTER TABLE `teams` DISABLE KEYS */;
INSERT INTO `teams` VALUES (1,NULL,1,'River Plate',NULL,'team/1/escudo_river_plate.png',2,1,1,NULL,1,'2015-04-13 16:27:43',NULL,'2015-04-13 16:42:16',NULL,'i'),(2,NULL,1,'Boca Juniors',NULL,'team/2/escudo_boca_juniors.png',2,1,1,NULL,1,'2015-04-13 16:27:43',NULL,'2015-04-13 16:42:06',NULL,'i'),(3,NULL,1,'San Lorenzo',NULL,'team/3/Escudo_san_lorenzo.png',2,1,1,NULL,1,'2015-04-13 16:27:43',NULL,'2015-04-13 16:42:09',NULL,'i'),(4,NULL,1,'Independiente',NULL,'team/4/EscudoAFA.png',2,1,1,NULL,1,'2015-04-13 16:27:43',NULL,'2015-04-13 16:42:12',NULL,'i');
/*!40000 ALTER TABLE `teams` ENABLE KEYS */;
UNLOCK TABLES;

--
-- Table structure for table `teams_players`
--

DROP TABLE IF EXISTS `teams_players`;
/*!40101 SET @saved_cs_client     = @@character_set_client */;
/*!40101 SET character_set_client = utf8 */;
CREATE TABLE `teams_players` (
  `team_id` int(11) NOT NULL AUTO_INCREMENT,
  `profile_id` int(11) NOT NULL,
  `tournament_id` int(11) DEFAULT NULL,
  `position_number` int(11) DEFAULT NULL,
  `created_at` datetime DEFAULT NULL,
  `created_by` int(11) DEFAULT NULL,
  `updated_at` datetime DEFAULT NULL,
  `updated_by` int(11) DEFAULT NULL,
  `is_active` tinyint(1) DEFAULT NULL,
  `is_link_accepted` tinyint(1) DEFAULT NULL,
  `link_id` int(11) DEFAULT NULL,
  PRIMARY KEY (`team_id`,`profile_id`)
) ENGINE=InnoDB AUTO_INCREMENT=5 DEFAULT CHARSET=latin1;
/*!40101 SET character_set_client = @saved_cs_client */;

--
-- Dumping data for table `teams_players`
--

LOCK TABLES `teams_players` WRITE;
/*!40000 ALTER TABLE `teams_players` DISABLE KEYS */;
INSERT INTO `teams_players` VALUES (1,5,1,NULL,'2015-04-13 16:38:44',2,'2015-04-13 16:38:44',NULL,1,1,NULL),(1,6,1,NULL,'2015-04-13 16:38:51',2,'2015-04-13 16:38:51',NULL,1,1,NULL),(1,7,1,NULL,'2015-04-13 16:38:56',2,'2015-04-13 16:38:56',NULL,1,1,NULL),(1,8,1,NULL,'2015-04-13 16:39:08',2,'2015-04-13 16:39:08',NULL,1,1,NULL),(1,9,1,NULL,'2015-04-13 16:39:11',2,'2015-04-13 16:39:11',NULL,1,1,NULL),(2,10,1,NULL,'2015-04-13 16:39:21',2,'2015-04-13 16:39:21',NULL,1,1,NULL),(2,11,1,NULL,'2015-04-13 16:39:25',2,'2015-04-13 16:39:25',NULL,1,1,NULL),(2,12,1,NULL,'2015-04-13 16:39:32',2,'2015-04-13 16:39:32',NULL,1,1,NULL),(2,13,1,NULL,'2015-04-13 16:39:36',2,'2015-04-13 16:39:36',NULL,1,1,NULL),(2,14,1,NULL,'2015-04-13 16:39:40',2,'2015-04-13 16:39:40',NULL,1,1,NULL),(3,15,1,NULL,'2015-04-13 16:39:54',2,'2015-04-13 16:39:54',NULL,1,1,NULL),(3,16,1,NULL,'2015-04-13 16:39:57',2,'2015-04-13 16:39:57',NULL,1,1,NULL),(3,17,1,NULL,'2015-04-13 16:39:59',2,'2015-04-13 16:39:59',NULL,1,1,NULL),(3,18,1,NULL,'2015-04-13 16:40:02',2,'2015-04-13 16:40:02',NULL,1,1,NULL),(3,19,1,NULL,'2015-04-13 16:40:08',2,'2015-04-13 16:40:08',NULL,1,1,NULL),(4,20,1,NULL,'2015-04-13 16:40:14',2,'2015-04-13 16:40:14',NULL,1,1,NULL),(4,21,1,NULL,'2015-04-13 16:40:19',2,'2015-04-13 16:40:19',NULL,1,1,NULL),(4,22,1,NULL,'2015-04-13 16:40:23',2,'2015-04-13 16:40:23',NULL,1,1,NULL),(4,23,1,NULL,'2015-04-13 16:40:29',2,'2015-04-13 16:40:29',NULL,1,1,NULL),(4,24,1,NULL,'2015-04-13 16:40:33',2,'2015-04-13 16:40:33',NULL,1,1,NULL);
/*!40000 ALTER TABLE `teams_players` ENABLE KEYS */;
UNLOCK TABLES;

--
-- Table structure for table `tournaments`
--

DROP TABLE IF EXISTS `tournaments`;
/*!40101 SET @saved_cs_client     = @@character_set_client */;
/*!40101 SET character_set_client = utf8 */;
CREATE TABLE `tournaments` (
  `tournament_id` int(11) NOT NULL AUTO_INCREMENT,
  `tournament_line_id` int(11) DEFAULT NULL,
  `tournament_type_id` int(11) DEFAULT NULL,
  `organizer_profile_id` int(11) DEFAULT NULL,
  `name` varchar(120) DEFAULT NULL,
  `location` varchar(120) DEFAULT NULL,
  `min_players` int(11) DEFAULT NULL,
  `max_players` int(11) DEFAULT NULL,
  `max_players_in_field` int(11) DEFAULT NULL,
  `min_players_in_field` int(11) DEFAULT NULL,
  `max_players_age` int(11) DEFAULT NULL,
  `min_players_age` int(11) DEFAULT NULL,
  `max_changes_allowed` int(11) DEFAULT NULL,
  `match_day_of_week` int(11) DEFAULT NULL,
  `match_half_length` int(11) DEFAULT NULL,
  `match_recess_length` int(11) DEFAULT NULL,
  `match_between_match_length` int(11) DEFAULT NULL,
  `match_rematch` tinyint(1) DEFAULT NULL,
  `teams_amount` int(11) DEFAULT NULL,
  `can_edit` tinyint(1) DEFAULT NULL,
  `status` varchar(10) DEFAULT NULL,
  `start_date` date DEFAULT NULL,
  `end_date` date DEFAULT NULL,
  `setup_stage` int(11) DEFAULT NULL,
  `is_setup_complete` int(11) DEFAULT NULL,
  `is_active` tinyint(1) DEFAULT NULL,
  `is_fixture_complete` tinyint(1) DEFAULT NULL,
  `terms_and_conditions_id` int(11) DEFAULT NULL,
  `updated_at` datetime DEFAULT NULL,
  `updated_by` int(11) DEFAULT NULL,
  `created_at` datetime DEFAULT NULL,
  `created_by` int(11) DEFAULT NULL,
  PRIMARY KEY (`tournament_id`),
  KEY `organizer_profile_id` (`organizer_profile_id`),
  KEY `updated_by` (`updated_by`),
  KEY `created_by` (`created_by`),
  CONSTRAINT `tournaments_ibfk_1` FOREIGN KEY (`organizer_profile_id`) REFERENCES `profiles` (`profile_id`),
  CONSTRAINT `tournaments_ibfk_2` FOREIGN KEY (`updated_by`) REFERENCES `profiles` (`profile_id`),
  CONSTRAINT `tournaments_ibfk_3` FOREIGN KEY (`created_by`) REFERENCES `profiles` (`profile_id`)
) ENGINE=InnoDB AUTO_INCREMENT=2 DEFAULT CHARSET=latin1;
/*!40101 SET character_set_client = @saved_cs_client */;

--
-- Dumping data for table `tournaments`
--

LOCK TABLES `tournaments` WRITE;
/*!40000 ALTER TABLE `tournaments` DISABLE KEYS */;
INSERT INTO `tournaments` VALUES (1,NULL,NULL,1,'El torneo de tu vida',NULL,1,6,4,1,1,1,1,1,1,1,1,1,4,1,'i','2015-04-01',NULL,4,1,1,1,NULL,'2015-04-13 16:31:40',NULL,'2015-04-13 16:27:43',NULL);
/*!40000 ALTER TABLE `tournaments` ENABLE KEYS */;
UNLOCK TABLES;

--
-- Table structure for table `tournaments_observers`
--

DROP TABLE IF EXISTS `tournaments_observers`;
/*!40101 SET @saved_cs_client     = @@character_set_client */;
/*!40101 SET character_set_client = utf8 */;
CREATE TABLE `tournaments_observers` (
  `tournament_id` int(11) NOT NULL,
  `profile_id` int(11) NOT NULL,
  `is_link_accepted` tinyint(1) DEFAULT NULL,
  `link_id` int(11) DEFAULT NULL,
  `validated_at` datetime DEFAULT NULL,
  `created_at` datetime DEFAULT NULL,
  `created_by` int(11) DEFAULT NULL,
  PRIMARY KEY (`tournament_id`,`profile_id`),
  KEY `profile_id` (`profile_id`),
  CONSTRAINT `tournaments_observers_ibfk_1` FOREIGN KEY (`tournament_id`) REFERENCES `tournaments` (`tournament_id`),
  CONSTRAINT `tournaments_observers_ibfk_2` FOREIGN KEY (`profile_id`) REFERENCES `profiles` (`profile_id`)
) ENGINE=InnoDB DEFAULT CHARSET=latin1;
/*!40101 SET character_set_client = @saved_cs_client */;

--
-- Dumping data for table `tournaments_observers`
--

LOCK TABLES `tournaments_observers` WRITE;
/*!40000 ALTER TABLE `tournaments_observers` DISABLE KEYS */;
INSERT INTO `tournaments_observers` VALUES (1,4,1,NULL,NULL,'2015-04-13 16:27:43',NULL);
/*!40000 ALTER TABLE `tournaments_observers` ENABLE KEYS */;
UNLOCK TABLES;

--
-- Table structure for table `tournaments_referees`
--

DROP TABLE IF EXISTS `tournaments_referees`;
/*!40101 SET @saved_cs_client     = @@character_set_client */;
/*!40101 SET character_set_client = utf8 */;
CREATE TABLE `tournaments_referees` (
  `tournament_id` int(11) NOT NULL,
  `profile_id` int(11) NOT NULL,
  `is_link_accepted` tinyint(1) DEFAULT NULL,
  `link_id` int(11) DEFAULT NULL,
  `validated_at` datetime DEFAULT NULL,
  `created_at` datetime DEFAULT NULL,
  `created_by` int(11) DEFAULT NULL,
  PRIMARY KEY (`tournament_id`,`profile_id`),
  KEY `profile_id` (`profile_id`),
  CONSTRAINT `tournaments_referees_ibfk_1` FOREIGN KEY (`tournament_id`) REFERENCES `tournaments` (`tournament_id`),
  CONSTRAINT `tournaments_referees_ibfk_2` FOREIGN KEY (`profile_id`) REFERENCES `profiles` (`profile_id`)
) ENGINE=InnoDB DEFAULT CHARSET=latin1;
/*!40101 SET character_set_client = @saved_cs_client */;

--
-- Dumping data for table `tournaments_referees`
--

LOCK TABLES `tournaments_referees` WRITE;
/*!40000 ALTER TABLE `tournaments_referees` DISABLE KEYS */;
INSERT INTO `tournaments_referees` VALUES (1,3,1,NULL,NULL,'2015-04-13 16:27:43',NULL);
/*!40000 ALTER TABLE `tournaments_referees` ENABLE KEYS */;
UNLOCK TABLES;

--
-- Table structure for table `tournaments_sportcenters`
--

DROP TABLE IF EXISTS `tournaments_sportcenters`;
/*!40101 SET @saved_cs_client     = @@character_set_client */;
/*!40101 SET character_set_client = utf8 */;
CREATE TABLE `tournaments_sportcenters` (
  `tournament_id` int(11) NOT NULL,
  `sportcenter_id` int(11) NOT NULL,
  `created_at` datetime DEFAULT NULL,
  `created_by` int(11) DEFAULT NULL,
  PRIMARY KEY (`tournament_id`,`sportcenter_id`),
  KEY `sportcenter_id` (`sportcenter_id`),
  KEY `created_by` (`created_by`),
  CONSTRAINT `tournaments_sportcenters_ibfk_1` FOREIGN KEY (`tournament_id`) REFERENCES `tournaments` (`tournament_id`),
  CONSTRAINT `tournaments_sportcenters_ibfk_2` FOREIGN KEY (`sportcenter_id`) REFERENCES `sportcenters` (`sportcenter_id`),
  CONSTRAINT `tournaments_sportcenters_ibfk_3` FOREIGN KEY (`created_by`) REFERENCES `profiles` (`profile_id`)
) ENGINE=InnoDB DEFAULT CHARSET=latin1;
/*!40101 SET character_set_client = @saved_cs_client */;

--
-- Dumping data for table `tournaments_sportcenters`
--

LOCK TABLES `tournaments_sportcenters` WRITE;
/*!40000 ALTER TABLE `tournaments_sportcenters` DISABLE KEYS */;
INSERT INTO `tournaments_sportcenters` VALUES (1,1,'2015-04-13 16:27:43',NULL);
/*!40000 ALTER TABLE `tournaments_sportcenters` ENABLE KEYS */;
UNLOCK TABLES;

--
-- Table structure for table `users`
--

DROP TABLE IF EXISTS `users`;
/*!40101 SET @saved_cs_client     = @@character_set_client */;
/*!40101 SET character_set_client = utf8 */;
CREATE TABLE `users` (
  `user_id` int(11) NOT NULL AUTO_INCREMENT,
  `email` varchar(255) DEFAULT NULL,
  `login_name` varchar(255) DEFAULT NULL,
  `password` varchar(255) DEFAULT NULL,
  `first_name` varchar(120) DEFAULT NULL,
  `last_name` varchar(120) DEFAULT NULL,
  `id_number` int(11) DEFAULT NULL,
  `birthday` date DEFAULT NULL,
  `avatar_path` text,
  `created_at` date DEFAULT NULL,
  `created_by` int(11) DEFAULT NULL,
  `updated_at` datetime DEFAULT NULL,
  `updated_by` int(11) DEFAULT NULL,
  `is_active` tinyint(1) DEFAULT NULL,
  `is_validated` tinyint(1) DEFAULT NULL,
  `validated_at` datetime DEFAULT NULL,
  `last_login_at` datetime DEFAULT NULL,
  `current_login_at` datetime DEFAULT NULL,
  `last_login_ip` char(20) DEFAULT NULL,
  `current_login_ip` char(20) DEFAULT NULL,
  `login_count` int(11) DEFAULT NULL,
  PRIMARY KEY (`user_id`),
  UNIQUE KEY `email` (`email`),
  UNIQUE KEY `login_name` (`login_name`)
) ENGINE=InnoDB AUTO_INCREMENT=22 DEFAULT CHARSET=latin1;
/*!40101 SET character_set_client = @saved_cs_client */;

--
-- Dumping data for table `users`
--

LOCK TABLES `users` WRITE;
/*!40000 ALTER TABLE `users` DISABLE KEYS */;
INSERT INTO `users` VALUES (1,'nicolas.reynoso@gmail.com',NULL,'XourUemvJWotJHYZKENaaRyzRbweUIpC9GlWocPbdcOqUZbAqI7uo5bLy3ZmiYDPf/5DTg1FMXavLDlBZd5Csw==','Nicolás Alejo','Reynoso',NULL,NULL,NULL,'2015-04-13',NULL,'2015-04-13 16:27:43',NULL,1,NULL,NULL,NULL,NULL,NULL,NULL,NULL),(2,'ponzio@gmail.com','ponzio@gmail.com','XourUemvJWotJHYZKENaaRyzRbweUIpC9GlWocPbdcOqUZbAqI7uo5bLy3ZmiYDPf/5DTg1FMXavLDlBZd5Csw==',NULL,NULL,NULL,NULL,'user/no_avatar.png','2015-04-13',NULL,'2015-04-13 16:38:44',NULL,1,NULL,NULL,NULL,NULL,NULL,NULL,NULL),(3,'gallardo@gmail.com','gallardo@gmail.com','$6$rounds=105342$Xi8LhtxQDwgnuY.S$PSZam5//bREINXo0lWPd/BXVo.aLbsqhI8KeoFZesMa776jFkf6dl1SYweXfgIGbF.Qao9piA0UgBCO2VNstW1',NULL,NULL,NULL,NULL,'user/no_avatar.png','2015-04-13',NULL,'2015-04-13 16:38:51',NULL,0,NULL,NULL,NULL,NULL,NULL,NULL,NULL),(4,'barovero@gmail.com','barovero@gmail.com','$6$rounds=94846$yKD.Nyjc.O08UqL7$9Po2VfLYLeeuYpI49PLqQhIed6.HW5f2TqAB5XC/pB2FApwG.7KOtBDHRENMgajuTDgZTCPohzBHUi3XYlyF.0',NULL,NULL,NULL,NULL,'user/no_avatar.png','2015-04-13',NULL,'2015-04-13 16:38:56',NULL,0,NULL,NULL,NULL,NULL,NULL,NULL,NULL),(5,'carlos@gmail.com','carlos@gmail.com','$6$rounds=105465$r/ilPUpNsGf.WsnE$kYO5r96gZoH5pQanrK2NGvvY4q.FgovAQnSWb5fhvfHlGmz3MnXey/9ckw7d2RDBX8tYdY0rrHlbMdeXW4AqH0',NULL,NULL,NULL,NULL,'user/no_avatar.png','2015-04-13',NULL,'2015-04-13 16:39:08',NULL,0,NULL,NULL,NULL,NULL,NULL,NULL,NULL),(6,'pedro@gmail.com','pedro@gmail.com','$6$rounds=105069$MEU1z/ZJSqGOhTUG$UxTSxzYnAE6zWn/JGfW438oUVLwq9DdNsWVB8/Eml7QtLtqt/B8qi9EkOigaMW0S6z2gpZiOrMzaaTuoIsBzQ0',NULL,NULL,NULL,NULL,'user/no_avatar.png','2015-04-13',NULL,'2015-04-13 16:39:11',NULL,0,NULL,NULL,NULL,NULL,NULL,NULL,NULL),(7,'guinta@gmail.com','guinta@gmail.com','$6$rounds=108041$QbW4Y/zUONO4HDna$zPIeBMdxr2XAPnBTWwhHdECsMlAHFrMlU8J8lKD8W5UnIjMar3KilkOm9OA1newWtYpEBrUDlu0oT2Mpobvt.0',NULL,NULL,NULL,NULL,'user/no_avatar.png','2015-04-13',NULL,'2015-04-13 16:39:21',NULL,0,NULL,NULL,NULL,NULL,NULL,NULL,NULL),(8,'sensini@gmail.com','sensini@gmail.com','$6$rounds=106531$mfF.b7EAW5hMq29s$WW5ST0Q1s.0dbkUxxPNl/uonLYy.16g8YALeFwsNvjuXc5xPDWf.n1ySm/nJMWDJtP5/PVSRj0VoWUC7g9Vk7.',NULL,NULL,NULL,NULL,'user/no_avatar.png','2015-04-13',NULL,'2015-04-13 16:39:25',NULL,0,NULL,NULL,NULL,NULL,NULL,NULL,NULL),(9,'batistuta@gmail.com','batistuta@gmail.com','$6$rounds=92087$lur.slPFOi2/9Gg7$btAn..ZfwbvPxaitYt6ZLFl6Qid.neGVCjHBypb/druT5faTwf.g3qpTk7wngiZC7I1XEDWChIDYxH7c3Fynr.',NULL,NULL,NULL,NULL,'user/no_avatar.png','2015-04-13',NULL,'2015-04-13 16:39:32',NULL,0,NULL,NULL,NULL,NULL,NULL,NULL,NULL),(10,'orion@gmail.com','orion@gmail.com','$6$rounds=107566$AERk.RnrLzaoz6ml$zXO8AcpWcgN2RYP18hjppTcuAaiInXG.yVhfVotC1c1RfLuHnamgES1q/LafY0emX3wsfa2OJ.5tZ5JB2dg2N.',NULL,NULL,NULL,NULL,'user/no_avatar.png','2015-04-13',NULL,'2015-04-13 16:39:36',NULL,0,NULL,NULL,NULL,NULL,NULL,NULL,NULL),(11,'constanzo@gmail.com','constanzo@gmail.com','$6$rounds=107702$OnC5WgaH89n6mw3P$28UVmvaXU3japN4EqmeT1xeSUBqJMxSkARzuQHZzi5pp/RSua.hiK7HR3o1xsIExdEIOfywWLizptLtDEx6w0/',NULL,NULL,NULL,NULL,'user/no_avatar.png','2015-04-13',NULL,'2015-04-13 16:39:40',NULL,0,NULL,NULL,NULL,NULL,NULL,NULL,NULL),(12,'sl1@gmail.com','sl1@gmail.com','$6$rounds=97502$WM9HPHJEsaKbDjvK$Pa6Zkt4ZZweswXqfTB66ZsCdQVGtVClrUwsnu3e25H6Xg7zZpk4C9fxKF2TM8Xcl1WwplcdICmff2GD3qi5Em0',NULL,NULL,NULL,NULL,'user/no_avatar.png','2015-04-13',NULL,'2015-04-13 16:39:54',NULL,0,NULL,NULL,NULL,NULL,NULL,NULL,NULL),(13,'sl2@gmail.com','sl2@gmail.com','$6$rounds=104686$onM2UEqgdIV/Gxo4$NVCIXc3aOt.5g9Hyb8qIbjsYMPRWjDiaYv5WZC30CGY1TWAuCSVKkKBZ2YY2/3Of6V15gNkgaDWHAOBPh2tAU/',NULL,NULL,NULL,NULL,'user/no_avatar.png','2015-04-13',NULL,'2015-04-13 16:39:57',NULL,0,NULL,NULL,NULL,NULL,NULL,NULL,NULL),(14,'sl3@gmail.com','sl3@gmail.com','$6$rounds=96470$iG/43zLt.OQF5F7.$1gG4ARjQcRX8TUMs6guq/16ZJcvC1dGCYUP.UXA0eXDw.uF4sW9jKjOeKfAs5LDL6nuxblMuvnUpJ/ZXsDOoO0',NULL,NULL,NULL,NULL,'user/no_avatar.png','2015-04-13',NULL,'2015-04-13 16:39:59',NULL,0,NULL,NULL,NULL,NULL,NULL,NULL,NULL),(15,'sl4@gmail.com','sl4@gmail.com','$6$rounds=103371$TDJYx9oWUnOS5Ouh$.KiqxA.mcxdaxyAuK7ID6U64nRj49HjykNbq3KlW/wSFM.TDZkKaADPyNXXdS0Yc0EybDpQFZIy8Tg8SD3Ac90',NULL,NULL,NULL,NULL,'user/no_avatar.png','2015-04-13',NULL,'2015-04-13 16:40:02',NULL,0,NULL,NULL,NULL,NULL,NULL,NULL,NULL),(16,'mussis@gmail.com','mussis@gmail.com','$6$rounds=103334$n3wapuZMqO5s7t69$zoXp8VElRfpSB2uLR3Kw7XI.B.TmtOCmIl4.A36VVzb5WrSkA5Htn7UUrDId5ajZQvMm9wlueTc8N3Oj8PVa6.',NULL,NULL,NULL,NULL,'user/no_avatar.png','2015-04-13',NULL,'2015-04-13 16:40:08',NULL,0,NULL,NULL,NULL,NULL,NULL,NULL,NULL),(17,'aguero@gmail.com','aguero@gmail.com','$6$rounds=96227$Uhne/chF5hvXDwBq$sL8ovAsuczwzm5uTrmvjihINyTZFkEaN9nZpGA83sy.G.H4I1gpj9XFlpe0aZGdhvDGM/iysiqqYZfP2jsrRS0',NULL,NULL,NULL,NULL,'user/no_avatar.png','2015-04-13',NULL,'2015-04-13 16:40:14',NULL,0,NULL,NULL,NULL,NULL,NULL,NULL,NULL),(18,'mancuello@gmail.com','mancuello@gmail.com','$6$rounds=107253$XGb/RxDl5WoHblQo$O.To/U8YKWyU/Brrw4IGsL4rFF04.4iiyOo5NPx5LxGe6VplWUsz2wkuWfVbFWR4urgdRZxYtYAKBnBgXNKg61',NULL,NULL,NULL,NULL,'user/no_avatar.png','2015-04-13',NULL,'2015-04-13 16:40:19',NULL,0,NULL,NULL,NULL,NULL,NULL,NULL,NULL),(19,'sate@gmail.com','sate@gmail.com','$6$rounds=107290$/EEt51gYW5vwEcZM$I8i9p8ig2UsNKxntyyG5xzGRF8YGIRxjPBNbDq10PccsQ6A6lk/BdjE.WnWDD08PMQOkk0Nkm3soo03sIg65P1',NULL,NULL,NULL,NULL,'user/no_avatar.png','2015-04-13',NULL,'2015-04-13 16:40:23',NULL,0,NULL,NULL,NULL,NULL,NULL,NULL,NULL),(20,'gargamel@gmail.com','gargamel@gmail.com','$6$rounds=90235$6kR4R3o.uHvZjobe$hucPadMNp6JXsqtpxLcPg2AWxteSq0dKZ9/ZVqnMSj3xRJKhisBAGzwFbAWgRcx4HVTfSJEm9Ry.ANvp7u7j30',NULL,NULL,NULL,NULL,'user/no_avatar.png','2015-04-13',NULL,'2015-04-13 16:40:29',NULL,0,NULL,NULL,NULL,NULL,NULL,NULL,NULL),(21,'pitufo@gmail.com','pitufo@gmail.com','$6$rounds=96586$QJhlR/ugRtVYfsXQ$sxLz7Aki6UqjKVvYZw6zGhNulQLeFQweiySVbmZVCcaALQ.63xqlkqhWZvsfIFnF306LPPwqBxm8VoAOWDMdl0',NULL,NULL,NULL,NULL,'user/no_avatar.png','2015-04-13',NULL,'2015-04-13 16:40:33',NULL,0,NULL,NULL,NULL,NULL,NULL,NULL,NULL);
/*!40000 ALTER TABLE `users` ENABLE KEYS */;
UNLOCK TABLES;
/*!40103 SET TIME_ZONE=@OLD_TIME_ZONE */;

/*!40101 SET SQL_MODE=@OLD_SQL_MODE */;
/*!40014 SET FOREIGN_KEY_CHECKS=@OLD_FOREIGN_KEY_CHECKS */;
/*!40014 SET UNIQUE_CHECKS=@OLD_UNIQUE_CHECKS */;
/*!40101 SET CHARACTER_SET_CLIENT=@OLD_CHARACTER_SET_CLIENT */;
/*!40101 SET CHARACTER_SET_RESULTS=@OLD_CHARACTER_SET_RESULTS */;
/*!40101 SET COLLATION_CONNECTION=@OLD_COLLATION_CONNECTION */;
/*!40111 SET SQL_NOTES=@OLD_SQL_NOTES */;

-- Dump completed on 2015-04-13 16:53:06
